{
  "validation_0": {
    "rmse": [
      1.7817979032932414,
      1.7395305080060406,
      1.7016254081656979,
      1.6635109775126684,
      1.631389520622963,
      1.600827018970389,
      1.5744559764636135,
      1.5509083811956428,
      1.5277509202177655,
      1.5068311628834576,
      1.4880361045382802,
      1.4713481433804687,
      1.4557927192065054,
      1.4419866282007519,
      1.4299107819282881,
      1.4174979560517749,
      1.4056386001100944,
      1.3950892149790273,
      1.3859070753351035,
      1.3773150602470103,
      1.3685513898219457,
      1.359102214290267,
      1.3517932662788938,
      1.3449349718408388,
      1.3380314616699789,
      1.3320859268348313,
      1.32712745156667,
      1.322230470130724,
      1.317693584946656,
      1.3133103447354417,
      1.3062389725021897,
      1.3008105798045524,
      1.2968717767469111,
      1.2931811471588737,
      1.289242879384766,
      1.2845302375424865,
      1.2788232214906183,
      1.274904449603398,
      1.2719125871419317,
      1.2693695429758645,
      1.2652521968954795,
      1.2625036894154194,
      1.2591580748196782,
      1.25631529083532,
      1.2524152446852872,
      1.250057917262482,
      1.2474456448575777
    ]
  },
  "validation_1": {
    "rmse": [
      2.2690521656184632,
      2.2519544238695586,
      2.222976862360061,
      2.2060316947949814,
      2.1896244123232975,
      2.1714006078778376,
      2.1566997456315637,
      2.146606767364371,
      2.117056297130209,
      2.0958590722351524,
      2.0790309662870694,
      2.062396498830245,
      2.049931163606685,
      2.043905968738351,
      2.0347978516010277,
      2.028255286027431,
      2.0180817028759677,
      2.014688565268824,
      2.0096536557648492,
      2.003833227167254,
      1.9921375388144553,
      1.9882910701567749,
      1.9815050322765058,
      1.9812896022759705,
      1.9719098733729372,
      1.9672006565446858,
      1.962326913129997,
      1.9635744882440813,
      1.9592656846548906,
      1.959928638335654,
      1.9603486739589513,
      1.9576856425879292,
      1.9631025143589658,
      1.9647690648978409,
      1.9656094051206823,
      1.967934504685548,
      1.9715059671987354,
      1.9723146978797632,
      1.971541449795592,
      1.9689720812197815,
      1.97120138857637,
      1.9683854112170436,
      1.96571909132557,
      1.961502054802054,
      1.9607375145640105,
      1.9658723689060975,
      1.965297779975034
    ]
  }
}