{
  "validation_0": {
    "rmse": [
      1.7625719368615984,
      1.7210730533231606,
      1.6814804222714435,
      1.6456029551581761,
      1.61406797793026,
      1.5840530663168764,
      1.55842853288909,
      1.5354553403560813,
      1.513237268143356,
      1.4934114642691263,
      1.475419967278202,
      1.4602886362768908,
      1.4463906036977996,
      1.4333228915282534,
      1.4213712921913573,
      1.4092457425890683,
      1.3965275494147105,
      1.3869285339318562,
      1.3772263075521882,
      1.3692228739140628,
      1.359545211759301,
      1.3508350124702246,
      1.3425912492647605,
      1.335672248732549,
      1.3300656055773625,
      1.3248123096081978,
      1.3192282455703714,
      1.3143665111950993,
      1.3100429942229486,
      1.3064823890336852,
      1.3019197480619167,
      1.298402494987439,
      1.294990325380956,
      1.2913437218399082,
      1.2883890764318782,
      1.2845669602523015,
      1.2790939793279235,
      1.276261801103996,
      1.274488038306574,
      1.2722410628482386,
      1.2693373566347839,
      1.2670970733059763,
      1.2645855995922852,
      1.2631775302248947,
      1.260831159994435,
      1.2580801357127462,
      1.256490032672927,
      1.2546625712471826,
      1.2511487240748225,
      1.2497006701083844,
      1.2480915447523786,
      1.2463436882337084,
      1.2448703682076396,
      1.2417793675680793,
      1.2399083636093116,
      1.2377153001475922,
      1.233948640112506,
      1.2319069351216927,
      1.2301648156439309,
      1.228597519064683,
      1.2276630739483456,
      1.2261722682968177,
      1.224841794677145,
      1.223935631662026,
      1.2226966372732038,
      1.221157750866791,
      1.2193542853182946,
      1.218316800500132,
      1.2154506749796294,
      1.2146064775205587,
      1.2123728745377118
    ]
  },
  "validation_1": {
    "rmse": [
      1.9931217336281333,
      1.9705564296691915,
      1.9453329212527743,
      1.9225763901866317,
      1.9041484079371669,
      1.8836941336873165,
      1.8676621958454063,
      1.8557120416669748,
      1.842824619880553,
      1.8289225500730668,
      1.819375092833145,
      1.8052187670104005,
      1.791194682708162,
      1.7836713883203532,
      1.7781321166136448,
      1.7737516808307983,
      1.7677648917600133,
      1.7639537748486873,
      1.7620875057124765,
      1.759357428931129,
      1.7545537866930374,
      1.7501006953290106,
      1.7455868149250662,
      1.7448690980696329,
      1.7420893135742048,
      1.7418426760721772,
      1.734734197188265,
      1.7349391240394247,
      1.7307573371694842,
      1.7300569531859367,
      1.729022308886573,
      1.7296597625281638,
      1.724998408137526,
      1.726568703314479,
      1.7226707343947536,
      1.7232509427861904,
      1.7236220913214053,
      1.7248901078682883,
      1.7196747649315323,
      1.719311559357711,
      1.7198688753844906,
      1.721345828300959,
      1.7168208348413998,
      1.7183227383591557,
      1.7193261311757204,
      1.7185940635593537,
      1.7156830978275714,
      1.7147069071369947,
      1.7145757938504729,
      1.7077142964098304,
      1.7073266301372312,
      1.707896024806737,
      1.708540607875937,
      1.707735208003767,
      1.7040329934581155,
      1.7036332665408191,
      1.7052500871184,
      1.7071470536848399,
      1.7088973355482797,
      1.7088512563691085,
      1.708176096188797,
      1.7088571242303623,
      1.7094917290639522,
      1.7107092136602435,
      1.7106192665014435,
      1.710581044432477,
      1.7108250508701877,
      1.7106728260203676,
      1.7109952487582916,
      1.7119298935806204,
      1.7107530637657873
    ]
  }
}