{
  "validation_0": {
    "logloss": [
      0.5719164275571457,
      0.5459333893435169,
      0.5243362494461487,
      0.5054728342586593,
      0.4895382050280087,
      0.47574533118858975,
      0.4636682611504164,
      0.4530516637988904,
      0.44393954381703965,
      0.4355249415730752,
      0.4275384924608494,
      0.420788890656083,
      0.4147062786771964,
      0.40936252828186653,
      0.40467907053971325,
      0.40005194468315464,
      0.3957560943267759,
      0.3916813439757663,
      0.38839682159784433,
      0.3850755074074042,
      0.38218044669488377,
      0.3797056225651189,
      0.37718995584362663,
      0.375009156793415,
      0.37256102150642,
      0.3708133737137295,
      0.3691895697118548,
      0.36767920963821493,
      0.36611256288538485,
      0.364601529019044,
      0.363420132827915,
      0.3621248240826991,
      0.3608365984437661,
      0.3598112156677778,
      0.3587386744004403,
      0.3575714230064645,
      0.35620789347016113,
      0.3552992111369368,
      0.35467710801814945,
      0.3537409866805443,
      0.35273962818035126,
      0.3517008387948954,
      0.35075350193731764,
      0.3498953146047672,
      0.34949564289786533,
      0.34914076338612304,
      0.34871357093863625
    ],
    "aucpr": [
      0.774953466102922,
      0.786599487951335,
      0.8013392150875415,
      0.8062505414152562,
      0.8076693724471162,
      0.8094740699270598,
      0.8113598277153049,
      0.812185278021113,
      0.8121448768573871,
      0.8131188375398899,
      0.8154128772949529,
      0.8164877369599691,
      0.8171536370390478,
      0.8179835108518277,
      0.8180317435570532,
      0.8194807362302107,
      0.8204035112397721,
      0.8216365785150523,
      0.8222249501932705,
      0.8230349873550235,
      0.8235498724854415,
      0.8237600729675244,
      0.8244803352804791,
      0.8247763114391213,
      0.8255924208817725,
      0.8257105538688891,
      0.826130766961255,
      0.8263495588168954,
      0.8268654110626661,
      0.827591889249873,
      0.8275940726518132,
      0.8279887495397029,
      0.8284158959013385,
      0.8285912982644776,
      0.8288974896896931,
      0.8294982571155314,
      0.8302954140373277,
      0.830665433541445,
      0.8308197253218088,
      0.8312502727048247,
      0.831861798608895,
      0.8325310921029367,
      0.8332102508690402,
      0.8336897907258477,
      0.83376561139761,
      0.8338556517024585,
      0.8340120845688882
    ]
  },
  "validation_1": {
    "logloss": [
      0.6112249379296858,
      0.5851135911517235,
      0.5645282170679196,
      0.5465917197172062,
      0.5323816061162027,
      0.5191733231019962,
      0.5091444981998827,
      0.49964822639138945,
      0.4909047560212782,
      0.48284245134297626,
      0.47603470797325115,
      0.46973101466325634,
      0.46316651207017134,
      0.4567326411948984,
      0.4534376213592608,
      0.44903452194344445,
      0.44708438787841237,
      0.44120148007185706,
      0.4376955691119095,
      0.4337910884882821,
      0.42907349046237436,
      0.42678461579725624,
      0.4243936295243332,
      0.4235728018221457,
      0.42140317477480355,
      0.420399797021834,
      0.41850429720406135,
      0.41701555028034143,
      0.41564372253518206,
      0.414824738548732,
      0.4137149027597354,
      0.412889865604809,
      0.41305659226530855,
      0.4121745594105792,
      0.4115005000644031,
      0.41094749647727513,
      0.4107266262488769,
      0.4109697440530671,
      0.4113078651810439,
      0.410888344730647,
      0.4103337344760262,
      0.41024371128282455,
      0.4110328751180441,
      0.4112465371813505,
      0.41107040748559315,
      0.4111422132733409,
      0.41088552211867607
    ],
    "aucpr": [
      0.78681871049928,
      0.8011889788119702,
      0.8063271652819367,
      0.8109811598785451,
      0.8083410231961139,
      0.8101273098430843,
      0.8062069815808137,
      0.8075643317551602,
      0.8081118339431889,
      0.8089686845298991,
      0.8093481341450905,
      0.8100513500507015,
      0.813752048264801,
      0.8170023945366722,
      0.816171357024514,
      0.8172893949912196,
      0.8151335057980625,
      0.8185948272332995,
      0.8193837181270295,
      0.8215550328225795,
      0.824223193857149,
      0.8246069860743273,
      0.8252997334154516,
      0.8239418422971004,
      0.8250625894076294,
      0.8241257837676604,
      0.8246932295089395,
      0.8253329719300557,
      0.8256133787652519,
      0.8256182251274062,
      0.8255025957476644,
      0.8256922633399449,
      0.8243454007586549,
      0.8246233604388358,
      0.8246343246861636,
      0.8245381791308335,
      0.8238615684239787,
      0.8232953262745779,
      0.8227344607408245,
      0.822698349673661,
      0.822748391871442,
      0.822595718015362,
      0.8218132173156621,
      0.8212821750906992,
      0.8212443753702878,
      0.8209274211127234,
      0.8210070199653269
    ]
  }
}