{
  "validation_0": {
    "logloss": [
      0.5718402208423135,
      0.5449461211709099,
      0.5228392659503857,
      0.503909240376112,
      0.48749750311439044,
      0.47341698932270065,
      0.46093143290987204,
      0.45039959190119744,
      0.4401707207777823,
      0.43112864920908744,
      0.42333763271686775,
      0.4165341901255664,
      0.41016101879747197,
      0.4047171331985406,
      0.3997313353217455,
      0.3952077012825003,
      0.39107422638049294,
      0.38715716839334435,
      0.3837587386652406,
      0.38062099130455485,
      0.37762718441298637,
      0.37497607469227545,
      0.3724888394157782,
      0.3700121303331846,
      0.3679842815554057,
      0.36611511402167635,
      0.3643122128262702,
      0.36261863858785626,
      0.36120022880472147,
      0.3593584892984029,
      0.35777124225855006,
      0.35654070061780957,
      0.35495427259065737,
      0.35384262602202704,
      0.352480277700513,
      0.35135405617498033,
      0.35045625490503535,
      0.34966384809551254,
      0.34875833093079767,
      0.34775839540593134,
      0.3468040659247977,
      0.3458828320973882,
      0.3449191320008365,
      0.3441713750773746,
      0.34376241027812854,
      0.34328444589839074,
      0.342858857803175,
      0.34248632640519255,
      0.34202864148904444,
      0.3414198774464772,
      0.3406397124701383,
      0.34021455746102097,
      0.3398727954814455,
      0.3394825091607627,
      0.33903712348708326,
      0.3387284429180569,
      0.33798048479531895,
      0.3371980439896952
    ],
    "aucpr": [
      0.7926357151928483,
      0.8035988714989751,
      0.8137299557368778,
      0.8155256873347735,
      0.8169847333003382,
      0.8172479263185333,
      0.8188122327845425,
      0.8188457399569036,
      0.8211248750819011,
      0.8220315730695094,
      0.823400469796349,
      0.8235053353382449,
      0.8242507573243585,
      0.8243140240944353,
      0.8245856901614507,
      0.8253417119913924,
      0.8257489732084264,
      0.8264955369556386,
      0.8270885493353488,
      0.8274732054978835,
      0.8281337470856223,
      0.8287478224013605,
      0.8293593818622186,
      0.8300584137284063,
      0.8303836357146457,
      0.8307738730570657,
      0.8313274975476506,
      0.831773101114029,
      0.8319906426286698,
      0.8329678070317631,
      0.833624030506972,
      0.8339140472482227,
      0.834876220615046,
      0.8351582616547351,
      0.835930961470621,
      0.8363185970626922,
      0.8368282163841058,
      0.8370861774394829,
      0.8372930106768175,
      0.8377927003273263,
      0.8383638538894013,
      0.838990954027969,
      0.8395903363937127,
      0.8399335287334916,
      0.8400126447506815,
      0.840248000588018,
      0.8404541980085618,
      0.840520320514029,
      0.8407674518272609,
      0.8409960156082955,
      0.8414355844885578,
      0.8417117798916938,
      0.841856907508564,
      0.8419927716241267,
      0.8422412511766248,
      0.8423341492240496,
      0.8429998460801883,
      0.8438582090619654
    ]
  },
  "validation_1": {
    "logloss": [
      0.6335917472929121,
      0.6047267674591886,
      0.5803979916056715,
      0.5572578786427237,
      0.5403892543600745,
      0.5236033423014553,
      0.5112610790414743,
      0.49876728618001365,
      0.485809435147837,
      0.4749844235902929,
      0.46615351750758516,
      0.4590974075038988,
      0.4524636891666785,
      0.44581552000948227,
      0.4394585990148735,
      0.4343642834499179,
      0.42943600526670495,
      0.4254984216405505,
      0.42232567076402977,
      0.41959331521248244,
      0.41637916398051394,
      0.41427645650523975,
      0.41285869490961175,
      0.4108075255875936,
      0.4087326116093161,
      0.40643026737354127,
      0.4049437098302336,
      0.40445175551693424,
      0.4035843723195504,
      0.40185736755776896,
      0.400572675042767,
      0.40016393878227885,
      0.3989879481754374,
      0.3981698461131279,
      0.39756637592856064,
      0.3966485910083964,
      0.39666483222402216,
      0.3956704104682019,
      0.39485331350024866,
      0.3938478703505872,
      0.3937992939218714,
      0.3939371506924775,
      0.3932279831062194,
      0.3937826407222399,
      0.3933636360094849,
      0.3941241902501199,
      0.3945254005419734,
      0.3945901976962832,
      0.3947751598253128,
      0.3945084780704297,
      0.39459252038018694,
      0.39438576291896865,
      0.394516618933106,
      0.3941190504776613,
      0.39400648750200207,
      0.3934685667812166,
      0.3932483635649242,
      0.3926882701902557
    ],
    "aucpr": [
      0.8426136900431718,
      0.8424472495371387,
      0.8535293029462905,
      0.8573568087312701,
      0.8561941497921525,
      0.8537672615369823,
      0.8518790597673163,
      0.8535738174948199,
      0.857565289262126,
      0.8606652421695231,
      0.8621972683196619,
      0.8635030729976412,
      0.8641036758548448,
      0.8644501549303373,
      0.8653159723739762,
      0.8661384734538049,
      0.8659100989236977,
      0.8677212562143132,
      0.8677055948194979,
      0.8687027356032505,
      0.8694890766269854,
      0.8688209603266944,
      0.8683473457280814,
      0.8681366791865668,
      0.868644883191212,
      0.8696198742971002,
      0.8693882927346579,
      0.8696375660850955,
      0.8697700069122547,
      0.870272827659055,
      0.8701632367724503,
      0.8700532571011061,
      0.8702676215250666,
      0.8702846648550953,
      0.8701883356335616,
      0.8700786732356148,
      0.8698536076554304,
      0.8700433107252586,
      0.8701147392840514,
      0.8703344201722395,
      0.870087137616173,
      0.8698176143764667,
      0.8704512884930008,
      0.8698482596227138,
      0.8699643577165156,
      0.8694074779351278,
      0.8689601871773481,
      0.8686081968156303,
      0.8681570996774796,
      0.8682180622969988,
      0.8682555760790357,
      0.8677936569547086,
      0.8676668995182751,
      0.8674502912896108,
      0.867427760466195,
      0.8678906381244483,
      0.8676963420813728,
      0.8684227066355159
    ]
  }
}