{
  "overall_rmse": 0.5825261307151919,
  "overall_mae": 0.5005359894928303
}