{
  "overall_rmse": 0.5791227638635839,
  "overall_mae": 0.4986484784807458,
  "avg_county_rmse": 0.5762132047292888,
  "n_rows": 1992,
  "n_locations": 83
}