{
  "overall_rmse": 0.5868026576307741,
  "overall_mae": 0.5033820185038683,
  "avg_county_rmse": 0.5808620572876392,
  "n_rows": 1992,
  "n_locations": 83
}