{
  "overall_rmse": 0.5825261307151919,
  "overall_mae": 0.5005359894928303,
  "avg_county_rmse": 0.5786714229063852,
  "n_rows": 3984,
  "n_locations": 83
}