{
  "overall_rmse": 0.5791227638635839,
  "overall_mae": 0.4986484784807458
}