{
  "validation_0": {
    "rmse": [
      1.9785015093964187,
      1.9338948385623143,
      1.8906689041304365,
      1.8526032204732155,
      1.8174953083534593,
      1.7858405391900638,
      1.7565832685548999,
      1.729708117040953,
      1.7035345770120434,
      1.6794743320868757,
      1.658024021934697,
      1.6388050381461363,
      1.6206986546919648,
      1.6048450149566669,
      1.5899769464752533,
      1.575500018197542,
      1.5631746099005615,
      1.5515779263565774,
      1.5404609460903576,
      1.5302943619440215,
      1.5205596659355574,
      1.5126928931029013,
      1.5048335783827065,
      1.4972600266947576,
      1.4902522173137243,
      1.4838953013425158,
      1.4781689571663101,
      1.472148594789354,
      1.4669461489207423,
      1.4617560096533508,
      1.4562172545048535,
      1.451201534283207,
      1.446987017959878,
      1.442507280981285,
      1.4386060288914946,
      1.4347043051419366,
      1.431455262718541,
      1.4275757572297791,
      1.4248561878059305,
      1.4220843214267922,
      1.4191595050467423,
      1.4171246554350216,
      1.4142010835888148,
      1.41135948367378,
      1.4088293235656213,
      1.4063604762190873,
      1.4042261174457527,
      1.4022226968481306,
      1.3999223238157934,
      1.3979043434243146,
      1.3961318756656027,
      1.394152846813268,
      1.3917594751593039,
      1.3905484567704671,
      1.3883047243756612,
      1.3860049941925392,
      1.3837153004563985,
      1.3808520529933466,
      1.37918291587881,
      1.3775815744522584,
      1.3754758644197411,
      1.373195211837363,
      1.371150483537058,
      1.3702227232738844,
      1.368840285582768,
      1.3668961796492485,
      1.3656540322584585,
      1.3640668908440252,
      1.3628579569488752,
      1.360918264931544,
      1.359131937641002,
      1.3577018981074758,
      1.356695929461987,
      1.3552918733690396,
      1.3537591381370928,
      1.3525853923596245,
      1.351778125246524,
      1.350570361859623,
      1.3497681162476944,
      1.348369585067988,
      1.3471750187580172,
      1.345371319735166,
      1.3443236951774873,
      1.3433963182938182,
      1.3421989686892475,
      1.3408709952083733,
      1.3396702459051333,
      1.3387829260848951,
      1.338094955241624
    ]
  },
  "validation_1": {
    "rmse": [
      1.8977978807599951,
      1.8756109543174853,
      1.8481528182747875,
      1.8230040863164976,
      1.801698707661006,
      1.7880453582120885,
      1.7756710422389252,
      1.7604111591250389,
      1.7434460625337806,
      1.731368768299697,
      1.7204092539125848,
      1.7097249048653194,
      1.7010543826597722,
      1.6880734265136121,
      1.6816830726673828,
      1.6733910322309282,
      1.6712376773732966,
      1.6682276598432697,
      1.6613751525818958,
      1.6591406823761152,
      1.6546217943360768,
      1.6606439412354965,
      1.6572643260085005,
      1.655126220478728,
      1.6516650621278617,
      1.6480783943264865,
      1.6460627409524815,
      1.6514553749881302,
      1.647038189869341,
      1.6460975664046773,
      1.6449157187194072,
      1.6436303498766287,
      1.642120835572908,
      1.6430568068955043,
      1.6393134485559884,
      1.6390444925976293,
      1.6396528465078652,
      1.6388057762599197,
      1.6380086000968548,
      1.6378022890963098,
      1.6373437831397055,
      1.6367875515380916,
      1.6352738970765401,
      1.633397647037624,
      1.6365488242419333,
      1.6373841949429682,
      1.6352886076888,
      1.6386483947470971,
      1.637618647402053,
      1.6353644663371683,
      1.634502676365114,
      1.635597466651824,
      1.6355770195547636,
      1.6340629628889614,
      1.6333083217074236,
      1.6330524824620118,
      1.6338530465727763,
      1.6334162300629314,
      1.6348893258299264,
      1.6328602448358112,
      1.6329839844752123,
      1.6320775622336356,
      1.6321748703791088,
      1.632236578457016,
      1.6325057241555707,
      1.632762754887079,
      1.632713255501527,
      1.631661587650017,
      1.6302339600058993,
      1.629205864651733,
      1.6289827750928687,
      1.6282197591565917,
      1.6277523644705496,
      1.6270158229034681,
      1.6284161134681727,
      1.629271690503952,
      1.6293530134399672,
      1.6293276778252332,
      1.629586906584207,
      1.630714724362861,
      1.6314185547963662,
      1.6311524085642781,
      1.630493823609669,
      1.6305041765687474,
      1.630725189529545,
      1.630103379296974,
      1.6324693859488784,
      1.6323304847628057,
      1.6321339916374182
    ]
  }
}