{
  "validation_0": {
    "logloss": [
      0.5873786336678223,
      0.5623773161324683,
      0.5415803306662984,
      0.5234619629295111,
      0.5078750682769607,
      0.4944332458509625,
      0.48274489217591754,
      0.4723420859336475,
      0.46292577142121843,
      0.4545965102903357,
      0.4473365466440185,
      0.4407981678174795,
      0.43482408576344866,
      0.42958576870263404,
      0.42487493129278125,
      0.42073481060512824,
      0.4169010013681599,
      0.41341275793745663,
      0.4100932111600525,
      0.4070592636096873,
      0.4043122923206242,
      0.40187450662869323,
      0.3996056298184991,
      0.3973940227176161,
      0.395329362892487,
      0.39366010394307127,
      0.39198340701598566,
      0.3905210476313522,
      0.38901660791974124,
      0.38765660376400607,
      0.38634267298448555,
      0.38515313069959234,
      0.3839104481945637,
      0.38281554909385107,
      0.38169407196860083,
      0.38074615228693603,
      0.37920484969411655,
      0.37797489968522213,
      0.3772052180773988,
      0.3764491528532693,
      0.3755194765628363,
      0.37470261163563445,
      0.3740021020679783,
      0.37308575688547424,
      0.3723232949910879,
      0.37185530429903507,
      0.3711236700941935,
      0.3705033765084294,
      0.36993845658228386,
      0.3696133665310879,
      0.36907397949949766
    ],
    "aucpr": [
      0.7809197525405076,
      0.7874122065767281,
      0.792662622313718,
      0.7952680047601902,
      0.7966085307613553,
      0.7973115549046005,
      0.7999993978088302,
      0.8012820119420696,
      0.8031336897707426,
      0.8043237380577348,
      0.8053531385207294,
      0.8064603982563341,
      0.8075769110261245,
      0.8084961471937483,
      0.8089522151271296,
      0.8096286174491519,
      0.8102738503248469,
      0.8110068462847388,
      0.8117984686891304,
      0.8125298006523298,
      0.8133178291838945,
      0.8139499938249739,
      0.8145758651845846,
      0.815280551901171,
      0.8161774084765864,
      0.8166490755807352,
      0.8173003893277436,
      0.8176436297192908,
      0.8182806157557648,
      0.8187566079666039,
      0.819297611292819,
      0.819902712897435,
      0.8204182012351422,
      0.8208914844259155,
      0.8214755447095502,
      0.8219902734800367,
      0.8230692486977735,
      0.8237413252433512,
      0.8240331402513793,
      0.8245407323759276,
      0.8251451603065172,
      0.8256080871661362,
      0.8260032186941304,
      0.8266566111861143,
      0.8270109003377639,
      0.8271261892073531,
      0.8276197489095444,
      0.8280400100359766,
      0.8284464416004519,
      0.828603346357502,
      0.8290075466726041
    ]
  },
  "validation_1": {
    "logloss": [
      0.5912823058649838,
      0.5684850200726445,
      0.5496225843961579,
      0.5316156023686909,
      0.5180118291126378,
      0.505676156194155,
      0.4946140422482029,
      0.4852832268482171,
      0.47653319089333096,
      0.4675558626681686,
      0.46154462629143733,
      0.45595191888900166,
      0.45322802063287143,
      0.4487728506633376,
      0.445979786864725,
      0.4427169157251955,
      0.44087468407464675,
      0.4374155259623854,
      0.4355145187648275,
      0.4346881782482696,
      0.433320503754833,
      0.4315542416800427,
      0.4312531162954747,
      0.43035849798882164,
      0.4287527383447262,
      0.42733035946870784,
      0.4254101299602224,
      0.42533007778608833,
      0.4239892542687615,
      0.4231210649742868,
      0.4234368255489083,
      0.42257796405032877,
      0.42229208418254155,
      0.420794450599386,
      0.42042496722251416,
      0.42104471056585585,
      0.4219981974648147,
      0.4218413451177827,
      0.42129000669240535,
      0.4203905541548902,
      0.42050483664235916,
      0.41883030387125986,
      0.4187806425059783,
      0.41989314304917197,
      0.4202618298296589,
      0.41991879426206585,
      0.41909013488273844,
      0.4170484025742911,
      0.41808642528579015,
      0.4179571508228906,
      0.4176361291895127
    ],
    "aucpr": [
      0.779003904445655,
      0.7713390221887152,
      0.7710325899229244,
      0.7801334578183123,
      0.7791017856068355,
      0.779822317967967,
      0.7840776433445628,
      0.7860656739041227,
      0.788440808103108,
      0.7902666853914295,
      0.7907921377641697,
      0.7912007899705417,
      0.791206310049871,
      0.7939187083167344,
      0.7945157659468428,
      0.7960437082921796,
      0.7950415142428122,
      0.7983167691670544,
      0.7989068203336092,
      0.7987412761868534,
      0.7983692537975317,
      0.7988467802218192,
      0.799304752814316,
      0.8011360006804679,
      0.8009286813683587,
      0.8018469803203887,
      0.8013112491912092,
      0.8014133592983894,
      0.801496470859795,
      0.8018165620311691,
      0.8012155812212136,
      0.8008476691899178,
      0.801097134218437,
      0.8011942076612109,
      0.8019626937111191,
      0.8022021025696022,
      0.8008456421845273,
      0.8007443423112655,
      0.801004342644217,
      0.8020034060168766,
      0.8019976055054568,
      0.80217334307932,
      0.8021210893201204,
      0.8005030980232904,
      0.7999566012819479,
      0.8000232075943714,
      0.7997171409319247,
      0.799730623122781,
      0.7996535007806341,
      0.7996401349170654,
      0.7999654972024084
    ]
  }
}