{
  "validation_0": {
    "rmse": [
      1.9793641027478568,
      1.9341345007470196,
      1.8907179492632373,
      1.8525840318161635,
      1.8185386581413983,
      1.7873401338571115,
      1.7575401854094763,
      1.731068686779685,
      1.704419134567503,
      1.6805363879066264,
      1.6592636287186728,
      1.639941137387607,
      1.6218928677974136,
      1.6055362773753181,
      1.590069668494286,
      1.5755141046123726,
      1.5631518735471688,
      1.5511066113029028,
      1.5394953001973377,
      1.5291024762139216,
      1.519280936181557,
      1.5102701176794953,
      1.5025972010963176,
      1.4949968523124029,
      1.488365833063738,
      1.4818505093128131,
      1.4759797536924038,
      1.4707449069261544,
      1.465574576885286,
      1.461214983005414,
      1.4568547182302056,
      1.4527742285584093,
      1.44841188880024,
      1.4438074439621058,
      1.4402631903836913,
      1.4357457991113545,
      1.431952634247997,
      1.4280696551465275,
      1.4248261104419033,
      1.4220565659214044,
      1.4192164282194868,
      1.4170237890717952,
      1.414466783848745,
      1.4119959377484146,
      1.4089230147324583,
      1.40677834737909,
      1.4047943714750555,
      1.4016187740241668,
      1.3985135418384456,
      1.396358270208075,
      1.3937068371610828,
      1.3919581271935582,
      1.3897628215043085,
      1.3881482244815295,
      1.385958445010653,
      1.3839330510755865,
      1.3823706952698307,
      1.380624499993126,
      1.3789190236538875,
      1.3766392207555622,
      1.3751206251160268,
      1.3734376955785377,
      1.3716366477526651,
      1.3702863793820603,
      1.3686277229995998,
      1.3674418643367583,
      1.365688575831562,
      1.3646470418618186
    ]
  },
  "validation_1": {
    "rmse": [
      1.9073473538402483,
      1.878615162130293,
      1.8499078301087855,
      1.8247190400993785,
      1.8037361212044016,
      1.7900996637303863,
      1.774308845778403,
      1.762014017699098,
      1.7462223420293776,
      1.7351325677810119,
      1.7236122423661457,
      1.7142839272016976,
      1.7073620099515439,
      1.6984936019171963,
      1.6848183088847042,
      1.6778432860681953,
      1.6754704465792687,
      1.6698000810468292,
      1.6676082357684128,
      1.6650200350823638,
      1.6591998079181063,
      1.6552771220245548,
      1.6503626451682718,
      1.6478346667011925,
      1.642678189387147,
      1.640695858844751,
      1.6401126197605371,
      1.641680156126104,
      1.637070408309444,
      1.6368925991301662,
      1.6366466780213642,
      1.636125450520084,
      1.6336147006190882,
      1.6322321886388065,
      1.630466546729921,
      1.6322138950624796,
      1.632517768860897,
      1.633365131038882,
      1.6330283255988738,
      1.6323485448851953,
      1.6330717057596538,
      1.6342816959106787,
      1.6338441652777596,
      1.6317548326183984,
      1.6326192186729518,
      1.6324359082799877,
      1.6322354579382723,
      1.632439333632384,
      1.6303272962469737,
      1.6267393663890586,
      1.6264511808119078,
      1.6242390852540356,
      1.6241760597802535,
      1.6260711322869488,
      1.6265189197540604,
      1.6272325410742188,
      1.6248042022725353,
      1.6242726022251441,
      1.6260024922888703,
      1.6242492694632802,
      1.6279681395415797,
      1.6266729744418231,
      1.6261990807366438,
      1.6279258931414644,
      1.6276520224318252,
      1.627335270615561,
      1.6286355924231686,
      1.6291226637724079
    ]
  }
}