{
  "validation_0": {
    "rmse": [
      1.936344650221421,
      1.8976245356335402,
      1.8599985951723366,
      1.8267799268074059,
      1.796188689833902,
      1.7698085736245477,
      1.74426476388793,
      1.721071712801701,
      1.6995280026104098,
      1.6799834650371062,
      1.6619419998150122,
      1.6463022158865253,
      1.632226424291728,
      1.6193967612913402,
      1.6063896894184952,
      1.594527035305786,
      1.5844220656253414,
      1.574668785402399,
      1.5651035151469097,
      1.557682480809827,
      1.5501574947584813,
      1.5433606384488054,
      1.536608046881361,
      1.5291076344576637,
      1.5224337666080656,
      1.5171782999949102,
      1.5121240516176404,
      1.5070716213332556,
      1.5025796830881186,
      1.4976319690407105,
      1.4932734319715586,
      1.4894897986872395,
      1.4859113534669581,
      1.4823543205931609,
      1.4778221260689848,
      1.475162728169967,
      1.4718398949712095,
      1.4694571527954858,
      1.4676034945567618,
      1.4654373132813743,
      1.4631420262500552,
      1.4603620799969768,
      1.4576861247677455,
      1.4555346825729003,
      1.452966492770523
    ]
  },
  "validation_1": {
    "rmse": [
      1.8854675731759356,
      1.8539792254655139,
      1.823793755396375,
      1.7955179843789237,
      1.7669812430192682,
      1.741983016664282,
      1.721545707113693,
      1.7094935569681242,
      1.680083781311178,
      1.6621984922620026,
      1.649967023113099,
      1.6390408664412146,
      1.6315256319791926,
      1.6281728646229225,
      1.620713072934604,
      1.6143233198761502,
      1.6153324667105666,
      1.6196785757927208,
      1.6152453982987118,
      1.614766156860933,
      1.6080663656710472,
      1.6100020433886144,
      1.6082125347851068,
      1.6055010129365868,
      1.6030096766252806,
      1.604982433559721,
      1.6057087144342452,
      1.6054965909338104,
      1.6043043499594296,
      1.6018411591168358,
      1.6038920300702406,
      1.6025460067991728,
      1.604455595422511,
      1.6082005103303065,
      1.6059645633386288,
      1.6104674368686678,
      1.6096827970313645,
      1.609535097570556,
      1.6077490639967327,
      1.6107421859550703,
      1.6104397255110958,
      1.608743571592005,
      1.607511107612785,
      1.6086184974524418,
      1.6142147787597771
    ]
  }
}