{
  "validation_0": {
    "logloss": [
      0.5872458398803453,
      0.5623343916686625,
      0.5415781951111079,
      0.5234639959472817,
      0.5078429765059412,
      0.49442244784040773,
      0.4825925557491502,
      0.47216974377650645,
      0.4627136763363459,
      0.4543508919428229,
      0.447073555070847,
      0.4406625430337239,
      0.4347456446977882,
      0.4294603211384513,
      0.42487917027103883,
      0.4208574410985808,
      0.41703568658981766,
      0.4135372130080729,
      0.4104073442473811,
      0.4074886521531298,
      0.40475890190041924,
      0.40209289211650595,
      0.3999180402409528,
      0.39790163847623533,
      0.3958557898084556,
      0.39411933783292036,
      0.392275491644647,
      0.3907701817053542,
      0.3892053251309056,
      0.38739781491271985,
      0.3861595187487027,
      0.3849558518691952,
      0.3837972928903375,
      0.38253106350031824,
      0.38143734200404494,
      0.38049498726154385,
      0.37921070880801727,
      0.37840570114993566,
      0.37754825906584527,
      0.3767813022065554,
      0.3759753904031663,
      0.3752390866594374,
      0.37439144257542367,
      0.37356044457831283,
      0.3727374678375147,
      0.3720964799891883,
      0.37132215513410044,
      0.3705895325858872,
      0.3699627656790701,
      0.36935790857406153,
      0.36889152133988384,
      0.36836526089476146,
      0.36797995804302824,
      0.367456987427284,
      0.3670322717518958,
      0.36659969075052556,
      0.3661488086764452,
      0.36573257040243917,
      0.36528884288915825,
      0.36486856913766885,
      0.3644485890523185,
      0.36399050623008083,
      0.36358263236720295,
      0.36323537397749467,
      0.36257115702304626,
      0.362134345591314,
      0.36181276916593114,
      0.361525831259586,
      0.3612341943890389,
      0.3608153709016717,
      0.3604799832118126,
      0.35994869929064977,
      0.35961847676069497
    ],
    "aucpr": [
      0.7816930486231448,
      0.7875605999996103,
      0.7929837371503733,
      0.7959552012103681,
      0.7992123050611781,
      0.7997912461496862,
      0.8027632750866803,
      0.8035805589861971,
      0.8048856332304155,
      0.805997314040571,
      0.8067055306174726,
      0.8073710022834537,
      0.8080510424585033,
      0.8087132779995557,
      0.8087115391723687,
      0.8092787996453683,
      0.8097936063783608,
      0.8105908753216501,
      0.8110868573694181,
      0.8117212474781771,
      0.8124314987629115,
      0.8134428180252471,
      0.813981707717961,
      0.814394549911927,
      0.8152446850620526,
      0.815744620381243,
      0.8166299971937525,
      0.8170591944393137,
      0.8178464057371936,
      0.8189441673546209,
      0.8193823668606283,
      0.8198868748453203,
      0.8203302235353912,
      0.8209865291280007,
      0.8215340161162419,
      0.8218483973062974,
      0.822744065544095,
      0.8230651035319563,
      0.823661706775869,
      0.8239977293739824,
      0.8244195019527208,
      0.8249757961324126,
      0.825463142780013,
      0.8260426961033934,
      0.8264993068627532,
      0.826867489628389,
      0.8274073920866314,
      0.8280373529617525,
      0.8285174736094968,
      0.8290771875546324,
      0.8292545651933956,
      0.8296810140235034,
      0.8299307240746215,
      0.8303747785600005,
      0.8307223407168558,
      0.8309102418092306,
      0.8312990744896818,
      0.8315478968423902,
      0.8318874377364299,
      0.8322359763161372,
      0.8325504267607946,
      0.8329662097805999,
      0.8331720083120207,
      0.8334135069966654,
      0.8340498658859655,
      0.8344153608222231,
      0.8346768272794638,
      0.834879963873162,
      0.8350899726487152,
      0.8353840293805574,
      0.8356383900160754,
      0.8360903011870384,
      0.8363144179593199
    ]
  },
  "validation_1": {
    "logloss": [
      0.5923827737644614,
      0.5678860143230982,
      0.5473990580403661,
      0.5296074796812122,
      0.5151883742012772,
      0.5025316103731832,
      0.4924971641052559,
      0.48443922854541055,
      0.4765640256410263,
      0.46880492914363325,
      0.46266419688112526,
      0.4573373564455404,
      0.4550237613636626,
      0.4504619628662266,
      0.4462066434518281,
      0.44289404479973765,
      0.44136088584590866,
      0.4378795454046693,
      0.4357389725471686,
      0.4346612786339319,
      0.43309590286092764,
      0.431635342467292,
      0.431451289447017,
      0.43028483197586725,
      0.42756229125890866,
      0.42830822136006264,
      0.42685449146572124,
      0.42640349376445497,
      0.4251614398599778,
      0.42470279468567557,
      0.4244624247333132,
      0.42319712609176086,
      0.42177137629461875,
      0.4212961889378891,
      0.4203380937809611,
      0.420401403988547,
      0.42132803505795247,
      0.42082548884947946,
      0.42215606341995,
      0.4217302535719474,
      0.42162055654187564,
      0.4189914625056694,
      0.4187510214431817,
      0.4185115390669472,
      0.41896747469707546,
      0.41824998625228743,
      0.41761244348031523,
      0.41973140243259466,
      0.41833979280966604,
      0.4176257760731511,
      0.41722844757142485,
      0.4171567661842017,
      0.4161604603431767,
      0.4159130629324579,
      0.41572113322415744,
      0.41582818582222,
      0.41450224988710466,
      0.41419033366900654,
      0.41422096020579485,
      0.4142944558332375,
      0.4152254685345779,
      0.41557377699367987,
      0.415301934845164,
      0.4151044151255764,
      0.41769695663768575,
      0.4179967861025534,
      0.41760886835479494,
      0.4174006586458654,
      0.41717131153715914,
      0.417061134842533,
      0.4168261711604437,
      0.41711275664440556,
      0.41679910277673343
    ],
    "aucpr": [
      0.76104555326512,
      0.773144951018426,
      0.7774961847688817,
      0.7855789974709229,
      0.7849859976499962,
      0.7841879792165323,
      0.7844533434281367,
      0.7837002120993103,
      0.7863450697011812,
      0.7871630879660276,
      0.785983111104871,
      0.78716048768204,
      0.7889389479532487,
      0.7892231629644801,
      0.79043087966475,
      0.7915961488321709,
      0.7907059011661967,
      0.7933215535679011,
      0.7937482255606486,
      0.7941652234393737,
      0.7949515900637621,
      0.7956706281468784,
      0.7958553347439403,
      0.7975583874720706,
      0.7969866317250411,
      0.7970560720826194,
      0.7960159405648491,
      0.7960645715676297,
      0.7964203004668956,
      0.7964651576504342,
      0.7967849849681657,
      0.7974860941436857,
      0.7975454294585411,
      0.7973443084653921,
      0.7982705694218365,
      0.7982104584190522,
      0.7973127431332959,
      0.7976147959271792,
      0.796563232976901,
      0.7963483933448849,
      0.7965852829723721,
      0.7983350162960455,
      0.7989978634052172,
      0.7988263493189145,
      0.7985765832548278,
      0.7985050226645115,
      0.7984883476085235,
      0.7983605137307502,
      0.7985344066584368,
      0.798688249223208,
      0.798976831927031,
      0.798788629286392,
      0.7988560742608939,
      0.7989786135442246,
      0.7986533881076376,
      0.7987578096804027,
      0.7991402410099085,
      0.7991641786031427,
      0.7986285848657613,
      0.7985724660733072,
      0.7980696181184183,
      0.7976773806164816,
      0.7979284196208151,
      0.7982205733922287,
      0.798282845311869,
      0.7978705129082505,
      0.7976358192846207,
      0.7975065283879026,
      0.7972091144341152,
      0.7972367564730314,
      0.797514986520428,
      0.796925974353393,
      0.797267159733288
    ]
  }
}