{
  "validation_0": {
    "rmse": [
      1.9360086321691161,
      1.8947344575893068,
      1.8575554315552985,
      1.8243222941650483,
      1.7941278371124367,
      1.7679713189532273,
      1.7430574554969704,
      1.7190113454908449,
      1.6977731091099284,
      1.678586449112055,
      1.6608615818658523,
      1.6453793579965066,
      1.6312949885042436,
      1.6173476088332168,
      1.605469207743776,
      1.5951311603614573,
      1.584814720836893,
      1.5741125177073163,
      1.5649039361400958,
      1.5573994227873629,
      1.5493331404064705,
      1.5419180494232145,
      1.5352444544622394,
      1.5282052161165218,
      1.5219915388466942,
      1.517284891994057,
      1.5131145541344089,
      1.5073178807591985,
      1.5015262871812078,
      1.4980224080972575,
      1.4942706528460536,
      1.4895786728160605,
      1.48591002373535,
      1.4818624834674685,
      1.4788354432791657,
      1.475395142700068,
      1.4722782665392935,
      1.4699374754128096,
      1.4675615059969627,
      1.4654671043500882,
      1.462986078845815,
      1.4608460253252193,
      1.4580521730681069,
      1.4559541729843732,
      1.4528877601565273,
      1.4503458487031486,
      1.4484924758995277,
      1.4468720224264455,
      1.444929314590666,
      1.4425656341586022,
      1.4407584906460693,
      1.4387826275876299,
      1.4363662765281358,
      1.4349597858270278,
      1.432554805818311,
      1.430852879056551,
      1.4283993334166176,
      1.4268019266767495,
      1.4241222382542231,
      1.4223187878211307,
      1.4208550887176719
    ]
  },
  "validation_1": {
    "rmse": [
      1.8920005794903931,
      1.8474450922232075,
      1.8178589390657822,
      1.7844720152500286,
      1.7597500477348393,
      1.741063688222663,
      1.7223481937923595,
      1.70669779179481,
      1.6927606990436537,
      1.6838422297931153,
      1.6730474000264326,
      1.6592555401785283,
      1.6467868766849347,
      1.6387543210611637,
      1.6268552752745549,
      1.6311026828080908,
      1.6270284061831357,
      1.6224206860398045,
      1.6131073570819576,
      1.6134258886712336,
      1.6099131046233568,
      1.6078185972401855,
      1.6041685999701987,
      1.6008799827942364,
      1.5990107914635876,
      1.6027800079239092,
      1.6044731642751522,
      1.6031316227132608,
      1.6000472358126048,
      1.6029660469359293,
      1.6014548279014513,
      1.597882725413012,
      1.5953174928775455,
      1.594718910940267,
      1.5883827348951711,
      1.5880157785003322,
      1.5899898601742148,
      1.5896029663073385,
      1.5884369586555636,
      1.5855012500619081,
      1.5847634860497677,
      1.583333495124772,
      1.5810515651301214,
      1.5798998271708007,
      1.5796844826523235,
      1.57933068129736,
      1.5842836524027166,
      1.5843347723103667,
      1.5833077103213622,
      1.585999539896236,
      1.5833911612922753,
      1.5843279254644607,
      1.5838919014778006,
      1.5838325143228809,
      1.5839214563974133,
      1.581166865270037,
      1.5872038094832255,
      1.5856464269120305,
      1.5853210611788748,
      1.5848366066854018,
      1.5827159633204493
    ]
  }
}