{
  "overall_rmse": 27.745008664729067,
  "overall_mae": 6.60366345304904,
  "avg_county_rmse": 7.199990245046805,
  "n_rows": 3984,
  "n_locations": 83
}