{
  "validation_0": {
    "rmse": [
      1.7887263423600308,
      1.7522615461719475,
      1.7184162701211134,
      1.6876140168233176,
      1.659252120177362,
      1.6329092707336013,
      1.609825306273455,
      1.588014949821963,
      1.5677741377201981,
      1.5530199459634266,
      1.5355900252722285,
      1.5195015521920376,
      1.5050211817164711,
      1.4916778798285364,
      1.4792624278792763,
      1.468865166922478,
      1.4590551013730375,
      1.4503221844151784,
      1.4418123819642996,
      1.434659511355969,
      1.428927355462403,
      1.4226401558251385,
      1.4165303780944773,
      1.4118498646245625,
      1.4072617498355695,
      1.3995659823039595,
      1.394833419847362,
      1.3884402669287907,
      1.3832511977601079,
      1.377571183030226,
      1.3741817680206498,
      1.3707696883504394,
      1.3650089970585122,
      1.3608998501132987,
      1.3573591349397507,
      1.3537692546669546,
      1.3499541710621765,
      1.347202282438992,
      1.3424674481952796,
      1.340037013110067,
      1.3379579326547228,
      1.33485582880462,
      1.3327311629459908,
      1.3305263089480588,
      1.3280063085949947,
      1.3256719417648535,
      1.3240617823237733,
      1.3202560645540766,
      1.318601833069705,
      1.3163737791979484,
      1.3147335605135408,
      1.31290458749352,
      1.3112391945172444,
      1.309572668100556,
      1.3074175419913139,
      1.3057704062570625,
      1.3026582719959585,
      1.3009797223021842,
      1.2975783760371518,
      1.295647358988094,
      1.2939555119882977,
      1.2922130023427345,
      1.2905321084540562,
      1.2890794903865284,
      1.2850893508416057,
      1.2832129148306572,
      1.2821717694832238,
      1.2808526851817004,
      1.280116345571014,
      1.2781128535889605,
      1.2765966636267039,
      1.2753749238835554,
      1.2745320492517545,
      1.2732793975222176,
      1.2717679585792276,
      1.2708121560357297,
      1.2697407482644227,
      1.2681675502367047,
      1.2670831394972109,
      1.266463658232441,
      1.2655519140155234
    ]
  },
  "validation_1": {
    "rmse": [
      2.2288448996688155,
      2.184250973479938,
      2.143496759293825,
      2.106428276247636,
      2.0784285434919143,
      2.0478060043271467,
      2.028348921193579,
      2.0054380275968695,
      1.9769032636710704,
      1.9572711050314158,
      1.9440880068031718,
      1.929205702691299,
      1.9157387501982412,
      1.9086759664336352,
      1.894676181556172,
      1.8836889500278289,
      1.871545090268214,
      1.8678577703508856,
      1.8645925199043314,
      1.856424389131273,
      1.843809990906024,
      1.8372685116010343,
      1.8273881940712338,
      1.8230835175240474,
      1.813575031974156,
      1.811440022805832,
      1.806563046918381,
      1.7999793573033682,
      1.7961896532446406,
      1.7945996669044615,
      1.7923961301518019,
      1.7866609339788269,
      1.7845953851296574,
      1.7814469852619705,
      1.7806575170305476,
      1.7770070562943583,
      1.774717987687427,
      1.7711736182951967,
      1.7699175417547095,
      1.7694186220539432,
      1.7660365981260224,
      1.765015351062958,
      1.7590606798345372,
      1.75461751379055,
      1.7540740357478208,
      1.747408597095733,
      1.743042459018736,
      1.7406203735433328,
      1.7412304462553796,
      1.7439896817547729,
      1.7421603523057603,
      1.7380068764087893,
      1.7372627710303663,
      1.7334855191744647,
      1.7359065763385344,
      1.7346826120698955,
      1.732819151107003,
      1.733901808467632,
      1.7318073858586338,
      1.7351381069520426,
      1.734766789621601,
      1.7347984409941768,
      1.735476086772688,
      1.7320543840362659,
      1.731871997087334,
      1.7310791926406501,
      1.7318086079271375,
      1.7313181862162361,
      1.732547500182328,
      1.7324901934717274,
      1.7330774927372992,
      1.7328329338247725,
      1.7326283306542254,
      1.7334888517800655,
      1.7342045193172297,
      1.7346530483592388,
      1.7347672596606496,
      1.7338312910982243,
      1.733583739814693,
      1.7320691911066564,
      1.7324745021449026
    ]
  }
}