{
  "validation_0": {
    "logloss": [
      0.5791042915563347,
      0.5596010242824867,
      0.5437425311751053,
      0.5299197627289771,
      0.5169862404695882,
      0.5056339888273029,
      0.49548166268413374,
      0.4869279391453836,
      0.4790715992800884,
      0.47401672368392606,
      0.467957427047745,
      0.46240551360987736,
      0.45739466743718693,
      0.4528332515111228,
      0.44876221636128516,
      0.44487563156184173,
      0.4415161517533732,
      0.438458594081425,
      0.435352179652498,
      0.43273694564049064,
      0.4307481365092402,
      0.42830352358986923,
      0.4261741690050753,
      0.4245229485110248,
      0.42305531304326033,
      0.4204585915293448,
      0.4191009427375619,
      0.4173596852445207,
      0.4154238553208386,
      0.4130850600191401,
      0.41190237261625895,
      0.41094820945170474
    ],
    "aucpr": [
      0.7084236713804056,
      0.7230043740137079,
      0.7269778405342162,
      0.7275654697136152,
      0.7305518537833453,
      0.7340820822624385,
      0.7373666668527417,
      0.745917017870322,
      0.7470108530896903,
      0.7486243554193045,
      0.7512963426373818,
      0.7517807450670224,
      0.7522556836104082,
      0.7540455340982014,
      0.7546618568934866,
      0.755537620094468,
      0.7561349993468172,
      0.7576948372129299,
      0.7589855451438079,
      0.7605795426674108,
      0.7609643601087664,
      0.7618698584579391,
      0.7625881637436903,
      0.7630730680646814,
      0.763397489630114,
      0.7655717484951416,
      0.7661211069206464,
      0.7671225329936208,
      0.7685155323369143,
      0.7705563601079858,
      0.7712414346810352,
      0.7715797735480783
    ]
  },
  "validation_1": {
    "logloss": [
      0.6117206768592797,
      0.5854539285941296,
      0.5636591122122893,
      0.5465752814249342,
      0.529339324922327,
      0.5146937083236005,
      0.5020369119403592,
      0.4933631578572543,
      0.48462616661600916,
      0.47923794463576086,
      0.4734751653659296,
      0.4663761840407628,
      0.4595928787175252,
      0.4552094480845643,
      0.44975945629164515,
      0.445841400573651,
      0.44027087274549837,
      0.437477864182917,
      0.4357800188560383,
      0.43367763311905133,
      0.43175038605569355,
      0.42948548590771884,
      0.42753430733075704,
      0.42580297117656374,
      0.4257979174069761,
      0.4233175534661485,
      0.42226248935433514,
      0.42056722437727256,
      0.41941755563189015,
      0.41922508306094414,
      0.41874931580069136,
      0.4175444401007699
    ],
    "aucpr": [
      0.7941126306811297,
      0.8124615142521656,
      0.8202683425985389,
      0.816575456789344,
      0.8168935313954677,
      0.8220913319351288,
      0.8249092275507945,
      0.8178739478638444,
      0.8146819873587748,
      0.8117374005688696,
      0.8147304749237048,
      0.8148796691595843,
      0.8202639493399113,
      0.8158262777507334,
      0.8189954058911212,
      0.8193060190019534,
      0.8251007283704577,
      0.8215787388769868,
      0.8210205461756751,
      0.82048974599085,
      0.8203159565548804,
      0.8194460322776292,
      0.8188746997593462,
      0.8189803452186258,
      0.815318949807948,
      0.8164348953755612,
      0.814380591917829,
      0.8171477574239129,
      0.8182924574528752,
      0.8149254147148154,
      0.8164481730054266,
      0.8176390614369515
    ]
  }
}