{
  "validation_0": {
    "logloss": [
      0.578804800726811,
      0.5572833771743342,
      0.5397875418475859,
      0.5247032909838099,
      0.5108593070786802,
      0.49866395057603263,
      0.4880676788838915,
      0.47915355048242586,
      0.4708928981786192,
      0.46515628049616414,
      0.459131420612037,
      0.4530323953360553,
      0.44727790355441815,
      0.442815979333872,
      0.43813281467387394,
      0.4340446190618798,
      0.43046866788701643,
      0.42760488283945153,
      0.4238874707912945,
      0.4214332193378571,
      0.41923264958124956
    ],
    "aucpr": [
      0.7251037003155617,
      0.7427666396362606,
      0.7473092609611481,
      0.7480459831444161,
      0.7509191588983147,
      0.7552182997761381,
      0.7570308136556507,
      0.7606222254859442,
      0.7613097532001603,
      0.7655187063578303,
      0.7690235918265498,
      0.7696534747859,
      0.7709117213618049,
      0.7726205532201688,
      0.7738882351413836,
      0.7743460099321101,
      0.7748633088972522,
      0.7757718921100573,
      0.7776810161961523,
      0.7779775724353745,
      0.7783001374914215
    ]
  },
  "validation_1": {
    "logloss": [
      0.6341060551264918,
      0.6051702063575567,
      0.5808370273006729,
      0.5598524464331717,
      0.541653627761636,
      0.5261211118335465,
      0.5134602610216322,
      0.5025468714250977,
      0.4913535279457469,
      0.4854742476200483,
      0.47844749358463956,
      0.4711704892162458,
      0.46441736892538976,
      0.46027969352407266,
      0.4557971244820031,
      0.45072885743720104,
      0.44685117313526124,
      0.44478116294436426,
      0.4418699549077206,
      0.4392496249283174,
      0.4376130468215808
    ],
    "aucpr": [
      0.8371024539055173,
      0.8527240029779085,
      0.8591726025917451,
      0.8602080203064555,
      0.8596451697348897,
      0.8634193887170234,
      0.862184883388195,
      0.8603999827580459,
      0.8580811432944155,
      0.8534044230447841,
      0.8542633859064619,
      0.8545760452256542,
      0.856592327093643,
      0.8559592811633117,
      0.8562201244256596,
      0.8566727934680713,
      0.8562377485726341,
      0.856294108401012,
      0.8551288309162463,
      0.8568451311375015,
      0.8557574497280439
    ]
  }
}