{
  "validation_0": {
    "rmse": [
      1.7709169498521418,
      1.7385255687088306,
      1.7076215576243776,
      1.6796568813157493,
      1.653823480475201,
      1.6261130112818523,
      1.6031067505562304,
      1.5837516066718202,
      1.5626611505980708,
      1.5498315239095086,
      1.53290831747036,
      1.5192061618759722,
      1.5042030650167153,
      1.49129394952397,
      1.4806925814631735,
      1.4689581013010093,
      1.4603461153678898,
      1.4529865813340521,
      1.4434570971322334,
      1.4366754052295838,
      1.431217647302894,
      1.4233140484854732,
      1.415739785709317,
      1.4116193093521674,
      1.4073744279316192,
      1.400255975847469,
      1.394729221742296,
      1.3879550641863156,
      1.3837469729283658,
      1.3777857588609599,
      1.3747162437478637,
      1.3721363952622507,
      1.3676653686003624,
      1.3636958702405155,
      1.3607313240584986,
      1.3575831336215713,
      1.3540454450761796,
      1.3516387866106132,
      1.3484917830127559,
      1.3462572574478724,
      1.3439846617835034,
      1.3423457784702555,
      1.3400023787442403,
      1.3382501336001473,
      1.3365315071569854,
      1.334743754347683,
      1.332719150163741,
      1.3291844444034395,
      1.3274489890454133,
      1.324974016710253,
      1.3223679067563785,
      1.3205034303293062,
      1.316982608664124,
      1.3154072608676954,
      1.3130530325857075,
      1.3120644844174787,
      1.3091370817089536,
      1.308113870752819,
      1.3056198988003305,
      1.3028176739434256
    ]
  },
  "validation_1": {
    "rmse": [
      1.963305349214179,
      1.9277237561589218,
      1.8968004854321214,
      1.8676992265935979,
      1.8408862914385915,
      1.8167853118703332,
      1.7998746392206446,
      1.779719231943752,
      1.7637663637639498,
      1.7520939647729818,
      1.7382173745314726,
      1.7265005885454154,
      1.7134175328975452,
      1.704350280359641,
      1.6976614124979184,
      1.6902369657713743,
      1.6794678002817196,
      1.6749341949524073,
      1.6709152666620928,
      1.66378853725881,
      1.6592749499017647,
      1.653047381021226,
      1.64993348194061,
      1.6470509623674559,
      1.6391326097759484,
      1.635993768037472,
      1.636017911605127,
      1.6346774040431116,
      1.628987602372021,
      1.6241166037852668,
      1.6253280605470812,
      1.6203769351520696,
      1.6182350999222623,
      1.6176866631941775,
      1.6204811774145609,
      1.6201891464819735,
      1.6205055828516397,
      1.6173602466981893,
      1.6176098655556939,
      1.616177685091523,
      1.615222590968698,
      1.6133936180241868,
      1.6121440956951545,
      1.6098325617664,
      1.6089524913382012,
      1.6092328779088527,
      1.6117186273497626,
      1.6126587844668423,
      1.6138839031278018,
      1.6170555758253873,
      1.6180709101485982,
      1.6175160009955458,
      1.6192920269784594,
      1.6167417535356718,
      1.6191522415564723,
      1.6158965581829263,
      1.614559037245277,
      1.6132464628575782,
      1.6147106433751004,
      1.6133382807252716
    ]
  }
}