{
  "overall_rmse": 25.100838474196927,
  "overall_mae": 6.57519218671577,
  "avg_county_rmse": 6.729590429788414,
  "n_rows": 1992,
  "n_locations": 83
}