{
  "overall_rmse": 42.686866279108244,
  "overall_mae": 9.999702190528508,
  "avg_county_rmse": 10.53627017572659,
  "n_rows": 1992,
  "n_locations": 83
}