{
  "overall_rmse": 26.359758501922286,
  "overall_mae": 6.4585434573698866,
  "avg_county_rmse": 6.783316314043954,
  "n_rows": 3984,
  "n_locations": 83
}