{
  "validation_0": {
    "rmse": [
      1.9364537276994385,
      1.8964272388836927,
      1.8649264897354976,
      1.8297389065945335,
      1.7985098695677053,
      1.7695148648473302,
      1.7435341160996627,
      1.7197636245747476,
      1.6981419500014834,
      1.677337463414351,
      1.6599392893725164,
      1.6443553677985265,
      1.6303751346092936,
      1.617434540813018,
      1.6035938832533978,
      1.5926611470638925,
      1.581691738625403,
      1.571766896433078,
      1.5619904918507208,
      1.554033754118494,
      1.5460548211629903,
      1.538338719969133,
      1.5308628533498398,
      1.524083923990747,
      1.5173576511826954,
      1.510705219582918,
      1.5053919801253532,
      1.4993170477063689,
      1.4954378711719067,
      1.4910707817505122,
      1.4860351691620906,
      1.481913352468825,
      1.478347092569885,
      1.4746020574865562,
      1.4713329271720117,
      1.46770269814636,
      1.4646603296219116,
      1.4615760339296782,
      1.458845455779378,
      1.4561121841467648,
      1.4531394810320475,
      1.449487137367097,
      1.4474619877982788,
      1.4453898106927696,
      1.4419093845865767,
      1.4399305749467863,
      1.4372640596986337,
      1.4355902171635435,
      1.4334922069075897
    ]
  },
  "validation_1": {
    "rmse": [
      1.8797484128599244,
      1.8449714057035784,
      1.7975462448693282,
      1.778082759477256,
      1.7537177571204332,
      1.7326475485663222,
      1.702654994796549,
      1.6920543129329664,
      1.6741759434106427,
      1.661063638463132,
      1.6518924497951841,
      1.6538080055001434,
      1.6565501035017542,
      1.6589215543590958,
      1.6553890780344305,
      1.655762354647392,
      1.65035212111508,
      1.638941257614268,
      1.6322695653682133,
      1.6345388322479082,
      1.626342291115962,
      1.624597233324064,
      1.6229523985827574,
      1.6226388009528876,
      1.6291317540763535,
      1.6320521286854417,
      1.6298683530999376,
      1.6278021208114686,
      1.630631552513217,
      1.6230674151159452,
      1.6228303658297787,
      1.6188206229141902,
      1.6171633625776898,
      1.6158068004178598,
      1.6179201238500807,
      1.623525139155487,
      1.6263499144417266,
      1.6273634537299346,
      1.626717403159498,
      1.630680358510558,
      1.6331389664755478,
      1.6272454105486296,
      1.627171521804007,
      1.626720389013771,
      1.628036100287073,
      1.6279600230895197,
      1.6313811869674186,
      1.6312718157964612,
      1.632959989450218
    ]
  }
}