{
  "validation_0": {
    "rmse": [
      1.7642103394483184,
      1.72110257381159,
      1.6826387375897045,
      1.6464110220797876,
      1.6139317024878643,
      1.5838516985194708,
      1.5565002785832547,
      1.5323922895243642,
      1.5100001170897113,
      1.489398020862334,
      1.4700023286018333,
      1.4523687506152698,
      1.4371373325251715,
      1.4220177013275637,
      1.4082227436693944,
      1.395941035795309,
      1.3851602052192502,
      1.3743828398396767,
      1.3650067614722332,
      1.3567062692030585,
      1.3483208641696183,
      1.3413360079394718,
      1.3345612114272223,
      1.328274162139976,
      1.3225740965162915,
      1.317294862899591,
      1.3121049495422112,
      1.3069894960117556,
      1.3021411088978345,
      1.2982812993342017,
      1.293814536241128,
      1.2897555425106804,
      1.2859345784708254,
      1.2825469907304998,
      1.2790373303496452,
      1.27582085821292,
      1.2729218022635707,
      1.270709843575794,
      1.268276202320182,
      1.265198098450015,
      1.2627010834298877
    ]
  },
  "validation_1": {
    "rmse": [
      1.7404104671873541,
      1.7078490829637094,
      1.6777830789141208,
      1.6505136610704791,
      1.627843840577841,
      1.6101053403083048,
      1.5929459642745238,
      1.5801116292147144,
      1.5705482561809716,
      1.5587454512535746,
      1.5483584792974556,
      1.5423254795007664,
      1.5381057550951514,
      1.5340052097709433,
      1.5278070328794386,
      1.5243706264775678,
      1.5221110984880872,
      1.5146957521409306,
      1.5121711090112497,
      1.5129673157418855,
      1.5116813151697033,
      1.5105340917323167,
      1.5091605081093569,
      1.5077709111416882,
      1.5061738812388532,
      1.5034552669657166,
      1.5035859910120162,
      1.5056946517154985,
      1.5069217366668077,
      1.5064979290778193,
      1.507713307314246,
      1.5086103339160974,
      1.5092890444798153,
      1.510866232593603,
      1.5123279835301375,
      1.5124742734030263,
      1.5131309729303788,
      1.5131979026711178,
      1.5145953351722965,
      1.5156114235358267,
      1.5172108305307863
    ]
  }
}