{
  "validation_0": {
    "rmse": [
      1.7695824476578872,
      1.7269851257611426,
      1.6893192701172735,
      1.6537986102224536,
      1.621776605018588,
      1.5923796776219206,
      1.565797014329666,
      1.5410963241998699,
      1.5192919936047125,
      1.4986728512505358,
      1.4803462694113212,
      1.4632128255884027,
      1.4482078757043428,
      1.43436641053209,
      1.421810310099062,
      1.4105431595091262,
      1.4004178742598647,
      1.3908492310096583,
      1.3822740201626922,
      1.3739366635978305,
      1.3658689609034687,
      1.3587115717850111,
      1.3517102073830427,
      1.3456039855652149,
      1.339459757910106,
      1.3338496957102328,
      1.3294615536466081,
      1.324651586534429,
      1.319666465212047,
      1.3158069202636118,
      1.3114075094627904,
      1.3081421212954623,
      1.3051857269551748,
      1.3011992010190727,
      1.2988889671108683,
      1.2960014378762286,
      1.2924453772170592,
      1.289985600685031,
      1.2879996811057244
    ]
  },
  "validation_1": {
    "rmse": [
      1.8124905735802301,
      1.7836560349000352,
      1.7632478630060577,
      1.742519054209508,
      1.715684362102614,
      1.7002105337489164,
      1.684496649066381,
      1.6683599099865047,
      1.6558704861329667,
      1.6477419313917845,
      1.6394279670543672,
      1.6344936490588267,
      1.6268368477976225,
      1.6223797373570452,
      1.6172685937515816,
      1.6133915447408569,
      1.612262436610053,
      1.612070245637971,
      1.6111444574606915,
      1.6099237813672143,
      1.6091535229153682,
      1.608162340677847,
      1.605428041312358,
      1.604877887947314,
      1.605506277628404,
      1.6057947073056464,
      1.606262115010069,
      1.6057036336483508,
      1.6064125648920031,
      1.6070710813341595,
      1.6059075329815882,
      1.6060540784117674,
      1.6069038134041949,
      1.6075865402890694,
      1.6075783351859025,
      1.6067437612150541,
      1.6073855697299162,
      1.6075753610706545,
      1.6088860446341886
    ]
  }
}