{
  "validation_0": {
    "logloss": [
      0.5642295628343268,
      0.5355738657186042,
      0.5135035068570806,
      0.49367621304302084,
      0.4762348473050078,
      0.46114372568374246,
      0.4481539990608602,
      0.43645218329896723,
      0.4260834846972866,
      0.4169304406851326,
      0.4090190925227643,
      0.40174598548353885,
      0.39534162577391335,
      0.3895525356386613,
      0.38428373509575237,
      0.37960082099907105,
      0.3753108852211323,
      0.3713675096977324,
      0.36789490152665344,
      0.36464411721487555,
      0.3615065860752946,
      0.3586978636410131,
      0.35596999270205704,
      0.3535147345202099,
      0.3512937779885492,
      0.3493412420787223,
      0.3475643455654285,
      0.34588541272418266,
      0.3441757160776566,
      0.3425745441979504,
      0.34105870352137246,
      0.3397678618810875,
      0.3385405635863088,
      0.33733754841442076,
      0.3363787967461508,
      0.3351500855472974,
      0.3342329882919633,
      0.3331312503468796,
      0.3321955197080902,
      0.3313210861159976,
      0.33049288737779303,
      0.32951999054616893,
      0.32898768664134437,
      0.3284671315975179,
      0.3277271552030381,
      0.3271181608968407,
      0.3266637841621628,
      0.3262550429165834,
      0.3255074518934124,
      0.32497037183220706,
      0.3243082461947213,
      0.3238832032726001,
      0.3234200930875455,
      0.3230446322960952,
      0.32228718315680066,
      0.32204111239110744,
      0.32146143598765464,
      0.32105313870800145,
      0.32083318384010223,
      0.3204125074935354,
      0.3201065497343439,
      0.31982468743264125,
      0.31950704187979867,
      0.3189564664667235,
      0.31862975411506883,
      0.3181401751357538,
      0.3177306520524683,
      0.3173133826024309,
      0.31708273008030236,
      0.3167762319745325,
      0.3164936360885869,
      0.3162462285606458,
      0.31601833204116986,
      0.31561793834121116,
      0.31538211080458195,
      0.3149615657850593,
      0.31445203092823776,
      0.31430812212562104,
      0.31398378356964296,
      0.31342246625264936,
      0.3130251545967719,
      0.31254952686851944,
      0.3122007652697725,
      0.3117361455377425,
      0.3115045509848344,
      0.31128571783657516,
      0.3110511626473276,
      0.3107704485161326,
      0.3105526301347308,
      0.31016549171432745
    ],
    "aucpr": [
      0.8157497613473508,
      0.8191445793499161,
      0.8235314168940762,
      0.8259318405510097,
      0.8276455876203291,
      0.8282594600222819,
      0.829127604802617,
      0.8307165640955969,
      0.8318767281199799,
      0.8327441889722081,
      0.8337487512573107,
      0.8341124866307056,
      0.8347167782003057,
      0.8351369450909915,
      0.8354655149505501,
      0.8356705505935289,
      0.836241388725316,
      0.8368417640653828,
      0.8372595454210792,
      0.838068210159475,
      0.8389672049043919,
      0.8394719462950497,
      0.8402234916984547,
      0.8408822924430163,
      0.8414044274359765,
      0.8418989459413194,
      0.8425491070533725,
      0.8430587854938082,
      0.8435929811335868,
      0.8441024964050657,
      0.844691827983695,
      0.8452192105891737,
      0.8456378622899622,
      0.846045491154073,
      0.8462749372962878,
      0.8469484027232043,
      0.8473107543453688,
      0.847929268010761,
      0.8483740800537299,
      0.8488026953275623,
      0.8492116425198191,
      0.8499342752478836,
      0.8501989541438624,
      0.8504704642505643,
      0.8508881967823874,
      0.8512890825994069,
      0.8515502066983374,
      0.8517393069501723,
      0.8522179008360293,
      0.8525413728300768,
      0.8528998897952232,
      0.8531577518665661,
      0.8534622223878578,
      0.8535897895455892,
      0.8541741655819873,
      0.8542562321951489,
      0.8547417185838679,
      0.8550416090823172,
      0.8550972338924504,
      0.8554194401552689,
      0.8555319783463898,
      0.855705895326384,
      0.8559198986843137,
      0.856327994301963,
      0.8565179410751657,
      0.8569645699739418,
      0.8573133555017195,
      0.8577018824439921,
      0.8578251583308182,
      0.8580272410173275,
      0.8582297330951356,
      0.8583761611022461,
      0.8585145150261858,
      0.8588581120274076,
      0.8590126739540473,
      0.8593825680846345,
      0.8597945060883704,
      0.8598445055852656,
      0.8601012531182595,
      0.8606029667041911,
      0.8609285375332199,
      0.8612856280403252,
      0.8615785717309395,
      0.8619990357109858,
      0.8621719982875041,
      0.8622944647215681,
      0.862435511466972,
      0.862650522377283,
      0.862792798830666,
      0.8631178840034148
    ]
  },
  "validation_1": {
    "logloss": [
      0.559175864625049,
      0.5295961444756113,
      0.5077864661603328,
      0.48933831659186794,
      0.4715136437710509,
      0.45649322987081536,
      0.44298343222782793,
      0.4323658323192213,
      0.4226515377127382,
      0.41462064294301604,
      0.40595468945322505,
      0.40021393539376526,
      0.3945285647015375,
      0.3892134906252824,
      0.38482024264802417,
      0.38037325864859733,
      0.37620286041698664,
      0.3731282128499873,
      0.37011951909411744,
      0.3664925011832372,
      0.3641052759667657,
      0.36178987796407147,
      0.35937794834846654,
      0.3579779830836059,
      0.3554985040095616,
      0.3554322702181806,
      0.3546084830327984,
      0.35311493785101844,
      0.35269563508792273,
      0.35221354792223697,
      0.3505262750197187,
      0.3489832278438301,
      0.34830013607407967,
      0.34800029496651097,
      0.34711793020375104,
      0.34688225553471996,
      0.345529656572993,
      0.34566289755650403,
      0.3457845456647616,
      0.3446806759646454,
      0.344158641912649,
      0.3439992439426317,
      0.3438074433573907,
      0.34345674350760486,
      0.34315472357180793,
      0.34266828550736467,
      0.3421855292481232,
      0.34197915000859724,
      0.3411008520393135,
      0.34113802399905213,
      0.34065966995808866,
      0.3401652052329973,
      0.3395178669485746,
      0.33926056760426865,
      0.33871085370468146,
      0.3387113331988207,
      0.33851411919592017,
      0.337843219831915,
      0.3376818881365452,
      0.3374677296306182,
      0.33748273914969756,
      0.3374321551623672,
      0.3371421777286537,
      0.33713187485719176,
      0.3370618412505375,
      0.33685077108834577,
      0.33660165116216156,
      0.3362241857498136,
      0.3360793442962351,
      0.3357829604247383,
      0.3356097202393204,
      0.3353570734611694,
      0.33523617623430907,
      0.335407536446461,
      0.33528560464014207,
      0.3350783936507779,
      0.3351211152792194,
      0.3350144961384129,
      0.3349525071014314,
      0.33502735991295557,
      0.3351366744927471,
      0.33535537751551425,
      0.33503999312625204,
      0.33503322924691137,
      0.33497440827712155,
      0.3349863584066861,
      0.33515424463041427,
      0.3351178487160161,
      0.3350174373095709,
      0.33537443733215894
    ],