{
  "validation_0": {
    "rmse": [
      1.9772128935369098,
      1.9292220546848717,
      1.8884973176962945,
      1.848608567179711,
      1.8131817218169366,
      1.779768324486435,
      1.7496187511782704,
      1.7227363219692806,
      1.6983217154534103,
      1.6759007318419874,
      1.653819420556524,
      1.634094354666269,
      1.6160429264322296,
      1.5993571917709464,
      1.5844376448691722,
      1.570903792684532,
      1.5579761428208763,
      1.5460454913785353,
      1.535477572409875,
      1.5246727453811049,
      1.515635403592757,
      1.5072513013464404,
      1.4996056056961973,
      1.491683160580417,
      1.4844747700402607,
      1.4780601379953284,
      1.4722540252779779,
      1.4664765742832535,
      1.4606776455045094,
      1.455703220180408,
      1.450876314059274,
      1.4462156079803326,
      1.4418777510521046,
      1.436819978367737,
      1.43318940362919,
      1.4291491758432717,
      1.4257571422842963,
      1.4222270333985807,
      1.4189479806315977,
      1.4155325734529605,
      1.4119887841321035,
      1.4094259773353919,
      1.4061483197880829,
      1.4035567530237352,
      1.4004730272752233,
      1.3980306694934634,
      1.3956373328915188,
      1.3932151299956514,
      1.3908199482480486,
      1.3886700173697246,
      1.386537790194933,
      1.3847390361007517,
      1.383186740474704,
      1.3810405218580744,
      1.3790387464272307,
      1.3769542801757215,
      1.3750208313274421,
      1.372640482996667,
      1.3712807205559552,
      1.3700155022305185,
      1.3686694479829187,
      1.3659652240134383,
      1.3641870765802708,
      1.3621223049862352,
      1.3602619102504,
      1.358615494455763,
      1.3573576819798838,
      1.3558853243354898,
      1.355223351983584,
      1.3533707974322946,
      1.3525053398151328,
      1.3512685536490456,
      1.34991426805432,
      1.3482538572773093,
      1.3469410360657454,
      1.3450822329561791,
      1.3438785801704283
    ]
  },
  "validation_1": {
    "rmse": [
      1.8875691303091424,
      1.8543934282777745,
      1.8204121207583894,
      1.797777444964383,
      1.7672331005878823,
      1.7486741255404397,
      1.729893556093821,
      1.7209073460914257,
      1.7154362767109435,
      1.7128842265445334,
      1.701373919603971,
      1.694266490031149,
      1.6944820734567259,
      1.6857764757221003,
      1.6804910037762775,
      1.6737905773051762,
      1.6713730500837287,
      1.6661079011670425,
      1.6626975390052297,
      1.6682192323006184,
      1.661965593992719,
      1.6591001826020115,
      1.6533173752892532,
      1.6524209503606713,
      1.6494618058586346,
      1.6479607681273925,
      1.6449063756045017,
      1.6475752242072772,
      1.644025365793049,
      1.6413840053051287,
      1.6392089998247767,
      1.6364489265818596,
      1.6378659076251363,
      1.6376033977239048,
      1.6359054568800768,
      1.6372474000892911,
      1.6348001420036788,
      1.635371049045876,
      1.6349425709677408,
      1.6337144995291122,
      1.6340633631759351,
      1.6333787169782594,
      1.6365159918894367,
      1.6359451270424483,
      1.6351849629934572,
      1.6337998794273445,
      1.633940954691439,
      1.6358177513582588,
      1.635459294484694,
      1.6342486908587934,
      1.6344421347067586,
      1.6339010709222401,
      1.6346912008514098,
      1.6336982723648348,
      1.633604368040652,
      1.632822147220999,
      1.6307734167985988,
      1.6310008549218977,
      1.6296476233984087,
      1.630399180017392,
      1.6306960701080757,
      1.629104676247179,
      1.6293396746275617,
      1.629461379654052,
      1.6297177083133547,
      1.6332307742953325,
      1.633595594857952,
      1.6341826764083531,
      1.633375420693962,
      1.6330853525975135,
      1.6328649903905874,
      1.6323287729932319,
      1.631572358641321,
      1.6310402366379375,
      1.6309367989685937,
      1.6311211685571454,
      1.6316219269059553
    ]
  }
}