{
  "validation_0": {
    "logloss": [
      0.5664044707542396,
      0.5389007302311694,
      0.5183408844441136,
      0.4992054816453925,
      0.48227054739663616,
      0.4678983637429301,
      0.45558086569187295,
      0.44458705330851894,
      0.43461738850908904,
      0.4258086046507232,
      0.4184000566788766,
      0.41142800899262033,
      0.405317988487458,
      0.3997520860016404,
      0.39469968457468335,
      0.38991473290762835,
      0.3859384919751794,
      0.3822996260000897,
      0.3790706975003223,
      0.3758688797137077,
      0.3730641911758309,
      0.37028447791452757,
      0.36781196761309465,
      0.36545982008208283,
      0.3633561074949742,
      0.36124272974482186,
      0.35945124302063886,
      0.3578151651208144,
      0.3559793663632596,
      0.354477421330516,
      0.3530009752335061,
      0.3516778484275238,
      0.3504143736628691,
      0.34919458850967094
    ],
    "aucpr": [
      0.8041143450083894,
      0.8088860601520897,
      0.810879220445572,
      0.8143871748553216,
      0.8155604007535008,
      0.8170466102933533,
      0.8173534844991178,
      0.8186182479150047,
      0.8198313104789744,
      0.8204843205846064,
      0.8217058638540962,
      0.8223031765220228,
      0.8228308316166003,
      0.8235530770177276,
      0.8239884110261262,
      0.8248888253434848,
      0.8251772631621752,
      0.8255033178901939,
      0.825838125975677,
      0.8265194638670379,
      0.8270442759060544,
      0.8276803852994474,
      0.8282993612740792,
      0.8289315395328105,
      0.8295362681396458,
      0.8302839102855077,
      0.8310250978730102,
      0.8316768556425498,
      0.8324050175270861,
      0.8329049396478768,
      0.8335721153369595,
      0.8341102137135196,
      0.8345550006125376,
      0.8350141740858754
    ]
  },
  "validation_1": {
    "logloss": [
      0.5763334409374908,
      0.5497804929887554,
      0.5287554935892542,
      0.5086949716460514,
      0.4910170591686923,
      0.47605585877271184,
      0.4627884273982072,
      0.45166246959917156,
      0.44103364301583614,
      0.43202447312618475,
      0.4245497800753897,
      0.41787186456866654,
      0.41119821610520163,
      0.4057077959920448,
      0.4010501001853062,
      0.3964174545826353,
      0.3921506204492745,
      0.3880996677171753,
      0.38402970316988155,
      0.3815699373932937,
      0.37896213811040524,
      0.3767996658178338,
      0.3747505655729148,
      0.3733672654465679,
      0.37142955979900844,
      0.36971993574752926,
      0.3688243039300194,
      0.36841336243138856,
      0.3666615172730662,
      0.3650884444565404,
      0.3643959479361593,
      0.3641725693844319,
      0.36337622148770254,
      0.3630520030743925
    ],
    "aucpr": [
      0.8094678691853233,
      0.8007667782120451,
      0.8038138489084624,
      0.8007600379892594,
      0.8029599617012012,
      0.8173404275612446,
      0.8203867453254672,
      0.8222506561646741,
      0.8247444350883266,
      0.8250416058764848,
      0.8226361242079112,
      0.8225174316623746,
      0.8230405292122073,
      0.8265237920798337,
      0.8261112558911426,
      0.8265132660085677,
      0.827709931215188,
      0.8273271164791515,
      0.8287688100388455,
      0.8273030827991715,
      0.8275110111475654,
      0.8274529402232521,
      0.827107206314339,
      0.8264008158042814,
      0.8267362105761931,
      0.8271235085184481,
      0.8269048559782648,
      0.8266934978374586,
      0.8266716698978461,
      0.8268908788644007,
      0.8261866798701868,
      0.8251594423203309,
      0.8247017594969921,
      0.8242269635375615
    ]
  }
}