{
  "validation_0": {
    "rmse": [
      1.762808325672677,
      1.7213454556834202,
      1.6820443803614913,
      1.6464806784057773,
      1.6154958519517024,
      1.585811821151623,
      1.5600973570444705,
      1.5361863276819963,
      1.5136994734498197,
      1.494300798394837,
      1.4765505931395175,
      1.4611848885935337,
      1.4455869532562826,
      1.4323787444106812,
      1.4199024305993937,
      1.4076335455750368,
      1.3974033855257164,
      1.3875257001601942,
      1.3787456175594142,
      1.3694747683420194,
      1.360846429573595,
      1.3526777069237799,
      1.3464755403253041,
      1.3395846542262773,
      1.3342540209897784,
      1.329329744973646,
      1.3242857137185329,
      1.3209796078770997,
      1.31579131441015,
      1.3114595443769408,
      1.3057010327854037,
      1.3025847148262204,
      1.299060025763846,
      1.2959885259345827,
      1.2931903723645624,
      1.2893117211367304,
      1.2849509005440172,
      1.2821634166330282,
      1.2802277158451538,
      1.2784837806863854,
      1.274793348644573,
      1.271702425812603,
      1.269541796056501,
      1.2657757339667959,
      1.2613124689417274,
      1.2582849222123471,
      1.2559750890792345,
      1.2543477225983386,
      1.250733167571541,
      1.2476443245413538,
      1.2460279454055057,
      1.244800633985334,
      1.2436747038852423,
      1.240432588471889,
      1.2385997309104002,
      1.2373177436976626,
      1.2359043330406274,
      1.2345309477633515,
      1.232768040715197,
      1.2315505161910707,
      1.2272288792811976,
      1.2262622746226755,
      1.2248652496649814,
      1.2231156762653135,
      1.221974484575758,
      1.2212658617118153,
      1.219481990668764,
      1.2174690472370244,
      1.2149760128963991,
      1.2133916653178345,
      1.2105867041706293,
      1.2080065387964238,
      1.2067612662793281,
      1.2058950018165118,
      1.2050731804764618,
      1.2029099830931544,
      1.202089669794697,
      1.1989868886823638,
      1.198165711258182
    ]
  },
  "validation_1": {
    "rmse": [
      1.9713740357552134,
      1.9476878111448437,
      1.922533822285956,
      1.899030063115401,
      1.8792866970248618,
      1.8605774165445568,
      1.847102668088452,
      1.8322201661070108,
      1.8179081753725737,
      1.8059121316223137,
      1.7976876105155633,
      1.7832985538868902,
      1.7739801751617303,
      1.7662010059663797,
      1.7601131781843535,
      1.7564624138589093,
      1.7508047612416688,
      1.7461374547470405,
      1.7424224365295957,
      1.7408704217744746,
      1.7350373143697098,
      1.7318111646050618,
      1.7275186187467104,
      1.720131053998128,
      1.712467526689013,
      1.7112720291267167,
      1.7085258620138766,
      1.7081290219887493,
      1.7032288671020008,
      1.7025187166039326,
      1.700664028283298,
      1.7001271525334933,
      1.6946806593849828,
      1.6950942673576812,
      1.6917822473473285,
      1.6919777307702044,
      1.6915119998792714,
      1.6930984021407178,
      1.6877704622382979,
      1.685614762568573,
      1.6884542425990041,
      1.6886482261449465,
      1.6817991357441477,
      1.6780045695355064,
      1.6794149865317096,
      1.6798364432581383,
      1.6796606698627081,
      1.6749901657283248,
      1.6748737613145284,
      1.6758044741119194,
      1.6755950477851889,
      1.6757121284994785,
      1.6748228871944577,
      1.6734623535918876,
      1.6737300649391575,
      1.6741878156456877,
      1.6753372206548076,
      1.6734909686000408,
      1.6725946551825328,
      1.672658852437182,
      1.6730834412367972,
      1.670446834052103,
      1.6690243143507153,
      1.6675754490102115,
      1.6689046084112158,
      1.6683745901373799,
      1.6702500967322056,
      1.6711957967260858,
      1.6712577074770876,
      1.6724980515530767,
      1.6730220257023325,
      1.6718122677702878,
      1.6709223055988973,
      1.6711983521755156,
      1.669917696371975,
      1.6713663232062248,
      1.6714598903058908,
      1.6730048049492852,
      1.672673909559105
    ]
  }
}