{
  "validation_0": {
    "logloss": [
      0.571916824462288,
      0.54597474566006,
      0.5243397307324054,
      0.5055259677278288,
      0.48951160045222725,
      0.4758043615261058,
      0.46374958876472894,
      0.45269721778767713,
      0.4435669909306394,
      0.43509482140859757,
      0.427444129171347,
      0.4207043435964128,
      0.41455022236348327,
      0.4091779036620147,
      0.40422300982888476,
      0.3996051536102474,
      0.39536103027215924,
      0.39140435627907794,
      0.3879975849513014,
      0.3846731888285829,
      0.38181391767245343,
      0.37932719648790614,
      0.37654812234700885,
      0.37424370363044124,
      0.3723171674597271,
      0.37037249986305987,
      0.3684652757921425,
      0.3669785407957358,
      0.3654002629677951,
      0.36405038524477773,
      0.3625955017498158,
      0.36123517921706333,
      0.35984603505828405,
      0.35872922401096297,
      0.3575526317466677,
      0.3561503915032854,
      0.35525488249546416,
      0.35414460860404995,
      0.3533241783844399,
      0.35235931410409976,
      0.3513059625288614,
      0.35076373200267097,
      0.35011768688208683,
      0.34934196758918534
    ],
    "aucpr": [
      0.7751801154541655,
      0.792320691654782,
      0.8013144076847624,
      0.8047369073327458,
      0.8075075235694633,
      0.8081746024470787,
      0.8095184732425804,
      0.8125958141916285,
      0.8135683041723382,
      0.8149005401152584,
      0.8159600554282771,
      0.8166790692336086,
      0.8178776581558892,
      0.8185754571817512,
      0.8192926409150494,
      0.8200876154125103,
      0.820931720040432,
      0.8220145961016182,
      0.8228569168311154,
      0.8236167381374868,
      0.8241773490720237,
      0.8243623417624902,
      0.8254187764077459,
      0.8260123269570244,
      0.826223528057799,
      0.8268373537085831,
      0.8272732061435247,
      0.8275212617935005,
      0.8279349896011284,
      0.8282045713349963,
      0.8287209522391181,
      0.8292534706615469,
      0.8299139170699343,
      0.8302524215936441,
      0.8305530870623872,
      0.8313433667359751,
      0.8317663561135208,
      0.832432196841953,
      0.8325602689512,
      0.8330109756034398,
      0.8335329006642841,
      0.8336927968093336,
      0.833955568230913,
      0.8345564852192607
    ]
  },
  "validation_1": {
    "logloss": [
      0.6094183458770853,
      0.5837627448680172,
      0.5631856651804653,
      0.5452366761160065,
      0.5310532625383103,
      0.5172683829105044,
      0.5068901342126619,
      0.49696569706511545,
      0.48886266917020205,
      0.4805701667383074,
      0.47425886384963273,
      0.4676131628767913,
      0.461316960074576,
      0.4546791790240261,
      0.4481650826943866,
      0.44464246824338854,
      0.44122268652999735,
      0.4355939888137292,
      0.4338167644345228,
      0.4306177306157279,
      0.42774011421739216,
      0.4259616418883773,
      0.4231781780506563,
      0.42060439112450343,
      0.4185137540507822,
      0.4165075004285942,
      0.41429118739616827,
      0.4127482688998856,
      0.4110624481321698,
      0.41035446572214757,
      0.4098232018679051,
      0.4092318949188633,
      0.4089883365322383,
      0.40919150826689527,
      0.40914784048134123,
      0.4094650578445729,
      0.40938293968605993,
      0.40871353518548814,
      0.4080200603486125,
      0.4081865835969475,
      0.4078055042436863,
      0.40757499599079394,
      0.4075424550306875,
      0.40689755377713144
    ],
    "aucpr": [
      0.7853176232982935,
      0.802805541865619,
      0.8059962063791819,
      0.8069152020259771,
      0.8016987254052926,
      0.806425296997531,
      0.8067288697546076,
      0.8067583742055899,
      0.8087223240752532,
      0.8086555518008022,
      0.8072844638693506,
      0.8088880862057772,
      0.8116347907215556,
      0.8144883161294638,
      0.8170869981152286,
      0.816424931592692,
      0.8168874141408888,
      0.819467922895218,
      0.8185409888589369,
      0.8197485846145107,
      0.8205174308934181,
      0.820160245129475,
      0.8215850423640707,
      0.8229556307770494,
      0.8236953999780695,
      0.824243290935029,
      0.8256557329699439,
      0.8258634718213826,
      0.8268434150156292,
      0.8267121788926665,
      0.8262024324887054,
      0.8261336363119061,
      0.8251992559226881,
      0.8245280367729726,
      0.8238184143101146,
      0.8228019361716569,
      0.8223388940726875,
      0.8223510110152135,
      0.8227398125461963,
      0.8223170560945599,
      0.8224715209653952,
      0.8225164649099959,
      0.8220407949266076,
      0.8226184632263426
    ]
  }
}