{
  "validation_0": {
    "logloss": [
      0.5719037224048993,
      0.5451706558878534,
      0.5231906754321225,
      0.5041493446886476,
      0.487759222808416,
      0.4737812327457091,
      0.4614010064683152,
      0.45072580277872587,
      0.44043095764160406,
      0.43139347489973834,
      0.4236399049111647,
      0.41678017282854113,
      0.4102645359623634,
      0.40478837119810873,
      0.3997376496917582,
      0.3953053212282578,
      0.391142141879881,
      0.3872331782661331,
      0.3839135833582176,
      0.3805538937986127,
      0.3775213126466212,
      0.37488355995578704,
      0.3722973116203437,
      0.3697914479414651,
      0.3673487226787986,
      0.365261405042092,
      0.3634115028853879,
      0.36153296986822936,
      0.35999549065426456,
      0.35853970020439685,
      0.35719702638446293,
      0.35591723236394746,
      0.3547293265066672,
      0.35360056254656186,
      0.35235067665943337,
      0.35104825544154755,
      0.3499376329873732,
      0.3491119515472563,
      0.3482066197170821,
      0.3474214802249162,
      0.3464321184006817,
      0.34540684398926,
      0.3447146988383605,
      0.34372673069947424,
      0.34324009323394067,
      0.3428755320727023,
      0.34241571397635084,
      0.3420052440750286,
      0.34156048645039094,
      0.34104565183553615,
      0.3407291075477089,
      0.33967206176103537,
      0.3389287549596279,
      0.3386438214950639,
      0.33810663392813084,
      0.3377735316983118,
      0.33700098404232165,
      0.33666472801518055,
      0.3361898633035163
    ],
    "aucpr": [
      0.7926914528516189,
      0.7980310948356029,
      0.8123088706822821,
      0.8141915669096688,
      0.8152017465515738,
      0.8153998037371587,
      0.8181821605958705,
      0.819014876344613,
      0.8209296092908022,
      0.8217656565102811,
      0.8227177691093723,
      0.8234654803929179,
      0.8241932043277377,
      0.8243891764882165,
      0.8248263158761231,
      0.8255581058513453,
      0.826029429624394,
      0.8266944844510826,
      0.8273315141308182,
      0.8280213979058988,
      0.8285964372355894,
      0.8292834198867514,
      0.8298325051580738,
      0.8306372444089356,
      0.8314476863828059,
      0.8319756816798378,
      0.8325383027070115,
      0.83335004614296,
      0.8336945928044397,
      0.834096346534424,
      0.8344843713931901,
      0.8347822378944728,
      0.8352253248404135,
      0.8355414546542018,
      0.8361713448487589,
      0.8369796855655194,
      0.8376851014032074,
      0.8379323073205602,
      0.8382162052447106,
      0.8384036687909538,
      0.8388451271830449,
      0.839549103714675,
      0.8399325312733918,
      0.8406538791630829,
      0.8407422246535111,
      0.8407411909470883,
      0.8409935240883741,
      0.841083118820643,
      0.8412356386990414,
      0.8415163321506413,
      0.8416072591373834,
      0.8425569330330954,
      0.8431678518298581,
      0.8432333802723198,
      0.84351704075219,
      0.8436493474358661,
      0.8443530859214232,
      0.8446058958137441,
      0.8450419089193717
    ]
  },
  "validation_1": {
    "logloss": [
      0.6321146509733545,
      0.602863219443215,
      0.5810327402738682,
      0.557635302344958,
      0.5390426604129583,
      0.5222264468729736,
      0.5112681880398807,
      0.49912673641130867,
      0.48605689717583866,
      0.47410797960607404,
      0.4649457467877003,
      0.45793598024062365,
      0.4509618208036724,
      0.4446422169246827,
      0.4381393327688177,
      0.4318432569967575,
      0.4268927844129054,
      0.4229038462499119,
      0.4191407328621152,
      0.41743229609356824,
      0.4143960470760084,
      0.41297141946365973,
      0.4104523541888289,
      0.4078316365510794,
      0.4054239172148088,
      0.4041302849830364,
      0.402529861185191,
      0.40093650350377086,
      0.3998513733220088,
      0.39888239610775644,
      0.39855513045467045,
      0.39818198663597726,
      0.39727039372054745,
      0.3969964762704529,
      0.39531681270349817,
      0.39493184463386555,
      0.3944594615445768,
      0.39461395499973473,
      0.3937217592360848,
      0.3933268072005047,
      0.39298467777564705,
      0.39195496783438455,
      0.39203175810777235,
      0.3911258850768433,
      0.3909814851882168,
      0.39095173082800666,
      0.3907346282758372,
      0.39042610871319444,
      0.388696628739126,
      0.3885088647943903,
      0.3881332146099219,
      0.38843713503753596,
      0.38865148394002047,
      0.3885671821152642,
      0.38761131837356266,
      0.3874325125686727,
      0.38673383283501783,
      0.3867262133170877,
      0.38650449414327964
    ],
    "aucpr": [
      0.8404621776149137,
      0.8358698064992982,
      0.8407130115099304,
      0.8424833157773177,
      0.8479387804681826,
      0.8463603258247921,
      0.8467047256568302,
      0.8456501318517868,
      0.852276337956138,
      0.854724448162429,
      0.8572126154342221,
      0.8570101549808314,
      0.8579401832112031,
      0.8584361152950788,
      0.8593156564737048,
      0.8616678869115634,
      0.8618370375731433,
      0.8626996623912795,
      0.8635161942796696,
      0.8625307863350451,
      0.8631075464332184,
      0.8619608740510211,
      0.8626630544192093,
      0.8636778864555684,
      0.8638541442592567,
      0.863719322000432,
      0.8640990685766314,
      0.8648134189507042,
      0.8649383738422693,
      0.8649318319999502,
      0.8653097958233139,
      0.8651873074912816,
      0.8651568608761956,
      0.8652742702164237,
      0.8656278152043881,
      0.864965431338603,
      0.8649826443470192,
      0.8645139101074919,
      0.8647968712068118,
      0.8651781153662712,
      0.8651713027953598,
      0.8658059755891078,
      0.8655512548267648,
      0.8660005562761449,
      0.8657999682305706,
      0.86545449771859,
      0.8655322207487905,
      0.8655784618590634,
      0.8655759276280518,
      0.8657338874901295,
      0.8659199786356518,
      0.8654959283950773,
      0.8652258904826136,
      0.8651829287725601,
      0.8656133193065162,
      0.8656462656416936,
      0.8659358561471879,
      0.8659791847738393,
      0.865860431230509
    ]
  }
}