{
  "overall_rmse": 0.5731727226725639,
  "overall_mae": 0.4941600201206482
}