{
  "overall_rmse": 0.5760488365820492,
  "overall_mae": 0.4960297410788308,
  "avg_county_rmse": 0.5735156722606087,
  "n_rows": 1992,
  "n_locations": 83
}