{
  "overall_rmse": 0.5731727226725639,
  "overall_mae": 0.4941600201206482,
  "avg_county_rmse": 0.5721244055139916,
  "n_rows": 3984,
  "n_locations": 83
}