{
  "overall_rmse": 0.5760488365820492,
  "overall_mae": 0.4960297410788308
}