{
  "validation_0": {
    "rmse": [
      1.7641566224624696,
      1.7210253807278073,
      1.6824755361181025,
      1.6462606534910253,
      1.6135503332124588,
      1.5836576418456134,
      1.556307499126605,
      1.5319282341209628,
      1.5095465199482059,
      1.488963310504842,
      1.4697177986511214,
      1.4524821466195832,
      1.4373113367882489,
      1.4227042464710662,
      1.4088669659376856,
      1.3968096840910047,
      1.3859529411455667,
      1.375710052472933,
      1.3660877953191781,
      1.3575093164193197,
      1.3497602443781358,
      1.342294197984246,
      1.335416727668314,
      1.3285493620655697,
      1.322441512613298,
      1.317297482552968,
      1.3121176152037874,
      1.3076914936496278,
      1.3022695286514605,
      1.2977458156640893,
      1.2930376599586402,
      1.2890418839009268,
      1.2849317438209855,
      1.2812080900770686,
      1.277884510642418,
      1.274926804930499,
      1.2717852170892254,
      1.2692871814272888,
      1.2669110183919812,
      1.2644691825096914,
      1.2612758521297336,
      1.2587140999865607,
      1.256889690301725,
      1.2537638636739337,
      1.2515135970649682
    ]
  },
  "validation_1": {
    "rmse": [
      1.7406112686763688,
      1.7082580146928985,
      1.6789932400482086,
      1.651709520582198,
      1.6293472749320024,
      1.6099680531615925,
      1.5924947129214049,
      1.5804666129239526,
      1.5715696325612207,
      1.5604338220819864,
      1.5493344828500095,
      1.542407645599941,
      1.5360497025043809,
      1.5326049143784717,
      1.527863680616582,
      1.5255774868644922,
      1.5226957873304734,
      1.51936116869001,
      1.5170297248505773,
      1.516945014523487,
      1.5171657844918,
      1.517355033260126,
      1.5157284322139608,
      1.5128069615513045,
      1.5120872978189739,
      1.509753062138968,
      1.5102056847910057,
      1.5083713981560127,
      1.5084899701982593,
      1.507737648851685,
      1.509039688567341,
      1.511383391932798,
      1.5121913910589788,
      1.5137751979240888,
      1.5113754771404064,
      1.5123667730824195,
      1.5131148516059008,
      1.5127552216337898,
      1.5131338572048076,
      1.5143010881742676,
      1.5151611138943388,
      1.5167876973992198,
      1.517356794300293,
      1.5171749561214565,
      1.517249295577408
    ]
  }
}