{
  "validation_0": {
    "logloss": [
      0.5871688728791817,
      0.5617141862179068,
      0.5424562405983675,
      0.5238297089856339,
      0.5075825310456779,
      0.49354303281316314,
      0.4814187718872551,
      0.4706494191651993,
      0.46122373694216545,
      0.4526974675655842,
      0.4453044801072364,
      0.43855983283436123,
      0.43237444356066035,
      0.4268475637610943,
      0.4219446600077956,
      0.4174667334238852,
      0.4134423506744618,
      0.4097107819861541,
      0.4061848126246288,
      0.4031233143847053,
      0.40053413848144404,
      0.397974832257337,
      0.3956438575681638,
      0.39329944104679726,
      0.39129290892694985,
      0.3891992121445277,
      0.3872810624539326,
      0.3856132821627521,
      0.3841221238019079,
      0.3824730451796544,
      0.38118710367407316,
      0.37979045855423327,
      0.3785747218033784,
      0.37737036839731275,
      0.3763482468930765,
      0.3752759173001764,
      0.37408486517083683,
      0.3729691956653062,
      0.372086384605907,
      0.3710602980409971,
      0.3700919092090001,
      0.3693260083410869,
      0.3685906704822341,
      0.3679048948315973,
      0.36700409033510245,
      0.3664243695315292,
      0.365884327304388
    ],
    "aucpr": [
      0.7817712514417676,
      0.790263820153752,
      0.7977921656800169,
      0.803306892770747,
      0.8059631137628436,
      0.8074663993529737,
      0.8085985740869609,
      0.8098808635870807,
      0.81009959460164,
      0.8107569118575388,
      0.8115694086446696,
      0.8119337185245875,
      0.8126435950986429,
      0.8136874474530006,
      0.8143995279885982,
      0.8148318768479512,
      0.8156340005433332,
      0.8166950981715771,
      0.8174003939313382,
      0.817990991066191,
      0.8184100580336218,
      0.8194393162417551,
      0.8200104454462985,
      0.8206944282283398,
      0.8212846254431275,
      0.8220124363687011,
      0.8229026827138191,
      0.8233884162330339,
      0.8238456628756043,
      0.8245646186820362,
      0.8249523969647868,
      0.8256561698228909,
      0.8259777915457558,
      0.8266220128181954,
      0.8272399525341133,
      0.8277625659348923,
      0.8283312354980039,
      0.8289959882971291,
      0.8295916996835838,
      0.8302039615674568,
      0.830703369596025,
      0.8312366317038522,
      0.8316000349500431,
      0.8319223577733399,
      0.8325621846966994,
      0.8328159512981382,
      0.8331381883801079
    ]
  },
  "validation_1": {
    "logloss": [
      0.5874483602676999,
      0.5646999152050468,
      0.5467233712735929,
      0.5304113052164515,
      0.5168386329488274,
      0.5047958649678581,
      0.49686445067064805,
      0.48713732581471275,
      0.4784231383900828,
      0.4721636876847856,
      0.4657565450679772,
      0.4592892576801476,
      0.4562300390506719,
      0.451141804599677,
      0.4491899462678192,
      0.4464198333178565,
      0.44302734538602334,
      0.44115221289623724,
      0.4396253574349542,
      0.43779338401611567,
      0.435315795857541,
      0.43430496625634923,
      0.43351367723172235,
      0.4323172817137419,
      0.43136728161194343,
      0.43082946889805035,
      0.4290117798148442,
      0.42870915741373766,
      0.4275676115812211,
      0.4263282215667954,
      0.4249602363489797,
      0.4243584063962069,
      0.4248068784047,
      0.42495485115898446,
      0.4254837555886377,
      0.4258394557778446,
      0.4253838277675146,
      0.4257170914645764,
      0.4253301106325939,
      0.42404899381105216,
      0.42383963032727734,
      0.42401944539150255,
      0.4240469690402071,
      0.4240212073169747,
      0.4231054509965409,
      0.4229520021380219,
      0.42302670284008953
    ],
    "aucpr": [
      0.7337240226155187,
      0.7403546415845306,
      0.7473484489340543,
      0.7601614431159586,
      0.7635850155639902,
      0.7653474707448084,
      0.7625332462893997,
      0.7641072955032202,
      0.7666014804902229,
      0.7667791332765296,
      0.7680743737857205,
      0.7712290634856178,
      0.7705606156089381,
      0.7737772549609527,
      0.7733175473945032,
      0.7737088324396743,
      0.7754814577742706,
      0.774906961067539,
      0.7764652632214037,
      0.777721865178146,
      0.7777326671813106,
      0.7782246415082459,
      0.7776974513960706,
      0.7779853518525114,
      0.7790333376433685,
      0.7777381136712815,
      0.7784310861353148,
      0.7785656452128727,
      0.7787130211362522,
      0.7787239996857631,
      0.7793093230853552,
      0.7797240294811824,
      0.7793935949852544,
      0.7787181632485769,
      0.7794116647543035,
      0.7786622985307391,
      0.7788222335904849,
      0.7784134763296917,
      0.7783468150639927,
      0.7794828178323732,
      0.7796266343280711,
      0.7789521148771953,
      0.7788155743364407,
      0.7791682898885772,
      0.7794253671898365,
      0.7795829159947013,
      0.7797085790447473
    ]
  }
}