{
  "validation_0": {
    "logloss": [
      0.5663762908584261,
      0.5388085626625634,
      0.5181934628253605,
      0.499112624004562,
      0.48234175845296845,
      0.46795352373079957,
      0.4556786903588337,
      0.44467299313014824,
      0.43469633705124494,
      0.4258856238026615,
      0.4184781383402995,
      0.41155162602485046,
      0.4053235904772172,
      0.3997571330738489,
      0.39472479930372145,
      0.3901109766419531,
      0.38621219576517146,
      0.38256074012342084,
      0.3793500611721007,
      0.37607415180951853,
      0.37324599246711543,
      0.3702491955365936,
      0.3677495929944494,
      0.3652570737079228,
      0.36317173432768846,
      0.36131834815351155,
      0.3594772300282605,
      0.3577755294096242,
      0.356081986785781,
      0.35454023887616587,
      0.3531629681505134,
      0.3518372464617974
    ],
    "aucpr": [
      0.8042994440677476,
      0.8089518101777924,
      0.8116333059554821,
      0.8147621064072695,
      0.81712141179273,
      0.8187119355751904,
      0.8190552826655034,
      0.8200541818567897,
      0.8207690972572774,
      0.8215117216736841,
      0.8217853884682391,
      0.8222838336408173,
      0.8228850094926637,
      0.8235595961504453,
      0.8239045641180097,
      0.8245755773574046,
      0.8248660306709639,
      0.8251502516763616,
      0.8254860091501692,
      0.8263367112493112,
      0.8268171253998304,
      0.8278001692960211,
      0.8284414928483547,
      0.8291733239670732,
      0.8297621281264297,
      0.8302131468702242,
      0.8310229009311662,
      0.8316339846574606,
      0.8322227946497043,
      0.8327499922943538,
      0.8331349127122037,
      0.8338704638326379
    ]
  },
  "validation_1": {
    "logloss": [
      0.5769820803080696,
      0.5494834595475809,
      0.5288757254335895,
      0.5090292301477797,
      0.49079049792305296,
      0.4758885394235751,
      0.46322317295763865,
      0.45211700843385305,
      0.44116675392182236,
      0.43217260125336276,
      0.4247415738412175,
      0.4176396552892215,
      0.4114149432128153,
      0.40525118095134516,
      0.4007650646736404,
      0.3964615644397117,
      0.39203304432175423,
      0.3886038429331947,
      0.3855839187941368,
      0.3823932430306711,
      0.379666914809944,
      0.37760193249674506,
      0.3756209509129296,
      0.37332125632354174,
      0.37130376376234087,
      0.3694166828556562,
      0.3689786960206268,
      0.3685137241214783,
      0.36702792950247576,
      0.3659366761553045,
      0.36507848478633026,
      0.3646107064980834
    ],
    "aucpr": [
      0.8074932709284889,
      0.7951822149168749,
      0.8049249568245129,
      0.8031708670964983,
      0.8123354125289343,
      0.820396507915697,
      0.8200673277942866,
      0.8214029452580667,
      0.8237067589094675,
      0.8254171399537233,
      0.8218001900870664,
      0.8225613242037724,
      0.8234780117761031,
      0.8269591772722327,
      0.8263800693594361,
      0.826731968930451,
      0.8278931360881622,
      0.8273116685884327,
      0.8268552253669555,
      0.8270754776999057,
      0.8273929214239446,
      0.827585230005899,
      0.8270092636895671,
      0.8274300048818309,
      0.8276664285870402,
      0.827636186962365,
      0.8269919458570768,
      0.8256997634458364,
      0.8270670988599088,
      0.8267679628403551,
      0.8246624673057351,
      0.8236423472031112
    ]
  }
}