{
  "validation_0": {
    "rmse": [
      1.9372481654636293,
      1.896544258794453,
      1.8642867225226223,
      1.8313738917944267,
      1.8012114629017466,
      1.7734007858135499,
      1.749369022992223,
      1.7251188415577838,
      1.7037775726707225,
      1.6834258553271637,
      1.665952565211891,
      1.6498578367640742,
      1.634623954700744,
      1.6203095566637749,
      1.6065916178029025,
      1.5952706435888884,
      1.584036010143755,
      1.5741135897876124,
      1.5653718076598098,
      1.5564266434274807,
      1.548474508078323,
      1.5391510232656942,
      1.5315826555728551,
      1.5245429616521664,
      1.5181730555923159,
      1.5116011871645811,
      1.505446792842733,
      1.5005001790517603,
      1.4955952377387642,
      1.4916203717214709,
      1.4863690801051428,
      1.482598620994027,
      1.4786360967899062,
      1.4752603862391027,
      1.471777552839758,
      1.4687914380680747,
      1.4653484992831523,
      1.462667434361696,
      1.4597373304807306,
      1.4560499263126803,
      1.4533118795483049,
      1.449530017096978,
      1.4469479371936056,
      1.4437823181120888,
      1.439673087125116,
      1.4377404158597014,
      1.4355183629715373,
      1.4335459617023996,
      1.4318263925171837,
      1.4296262560890198,
      1.4271251321656295,
      1.4239154592830165,
      1.4218174248497568,
      1.4200080205485688,
      1.418003003552679,
      1.416132120107942,
      1.4142754569261968
    ]
  },
  "validation_1": {
    "rmse": [
      1.950302747701839,
      1.9149441724529692,
      1.879797413624827,
      1.8568323549780483,
      1.8296445094236913,
      1.8034047587351174,
      1.7760640256396643,
      1.7560778207994066,
      1.7388618357347572,
      1.7251732911105484,
      1.700450721185879,
      1.685382709333332,
      1.6735975283568738,
      1.6648168034412325,
      1.6542527639586184,
      1.6462704090425329,
      1.6396186657115717,
      1.6294484734656314,
      1.6239480506225659,
      1.6232153708689467,
      1.6167837915715084,
      1.6129704738986006,
      1.6084193113407004,
      1.603911158460827,
      1.6007688677290126,
      1.5957758411595047,
      1.5916421213742415,
      1.5895250763240734,
      1.5831437206719816,
      1.5804292908106976,
      1.5765032187037085,
      1.5747017159775667,
      1.5726746954904243,
      1.5675008761784168,
      1.5648074064235484,
      1.5639659012501297,
      1.56206520237209,
      1.561318821960776,
      1.559784859814264,
      1.5567669142796283,
      1.5556545625119274,
      1.555534182363982,
      1.556270639838988,
      1.5581063327662439,
      1.5578604170747623,
      1.5569302188089387,
      1.558884247182303,
      1.5570028691355853,
      1.556529607311275,
      1.5570231337465643,
      1.558208187304621,
      1.5596794951838138,
      1.5586485562354047,
      1.556169865350265,
      1.5579331133334544,
      1.5563945416121363,
      1.5568402981780798
    ]
  }
}