{
  "validation_0": {
    "rmse": [
      1.7695507032644524,
      1.7269385916421296,
      1.6892645609751944,
      1.6537739073362177,
      1.621688055706905,
      1.592236947939409,
      1.564825065264483,
      1.5404418980216918,
      1.518748075200362,
      1.4985612212284516,
      1.48034654669187,
      1.4633828540862523,
      1.4484637368732358,
      1.4343248685438414,
      1.4217264862197927,
      1.4103526400463489,
      1.3998391605047447,
      1.3904862438686816,
      1.3806221769613585,
      1.372209888944406,
      1.3648971829959544,
      1.3583534144076288,
      1.351581340712266,
      1.3458078407662302,
      1.3396469640037487,
      1.3347867528631947,
      1.3300339034787898,
      1.325327628855445,
      1.320574032246157,
      1.316475689657776,
      1.3130717928126592,
      1.3100263121267979,
      1.3068500259156994,
      1.3036723410813567,
      1.300867932523248,
      1.2985056016244434,
      1.2946160588946671,
      1.2922046187840053,
      1.289989464785372,
      1.2865493965580326,
      1.2841782630779561,
      1.282104405880586,
      1.2802670230888877,
      1.2782469266780747,
      1.276567840185765,
      1.274873227077543,
      1.2718005838776092,
      1.2695701127185823,
      1.2678801397526485,
      1.2655448961801572,
      1.2641518033110004,
      1.2617488475745688,
      1.259475206838623,
      1.2576169259953434,
      1.2561383412115372,
      1.254570384062368,
      1.2524885692225443,
      1.2510829773418273,
      1.2495601596271457,
      1.2481918629701556,
      1.246733808329262,
      1.245570755990688,
      1.244426679643382,
      1.2425446105456637,
      1.2415822532172907,
      1.2402126777065625,
      1.2390416359389347,
      1.237418734052513
    ]
  },
  "validation_1": {
    "rmse": [
      1.8159859513988814,
      1.7872330096618996,
      1.7630571980371135,
      1.741750112939192,
      1.7152302118376557,
      1.6992356270898035,
      1.6849902099650869,
      1.6723019685735452,
      1.6617092213462905,
      1.651250890738928,
      1.6445806793088829,
      1.6382185254340353,
      1.6341944652359575,
      1.628910120097889,
      1.622477704048602,
      1.6194888466316297,
      1.6178770580425248,
      1.615330911389144,
      1.6103124269404372,
      1.6082621754781696,
      1.6085686764320826,
      1.6076244443119347,
      1.606803782367225,
      1.6064923391220738,
      1.6069560050771556,
      1.608851950433156,
      1.6092840181771173,
      1.6084687040482641,
      1.6086583554411353,
      1.6073310987539209,
      1.6067002579760816,
      1.6072407184961883,
      1.6078673906694632,
      1.608432161828052,
      1.6060875540677166,
      1.605161524864099,
      1.6054377794160417,
      1.6070565840075945,
      1.605033524751142,
      1.6061669396412648,
      1.6077972981841024,
      1.606408999651354,
      1.6071401928676587,
      1.606759368421011,
      1.6064378649883841,
      1.6060879678384867,
      1.6059393422294497,
      1.606236528917443,
      1.605752926053897,
      1.6055676920367419,
      1.6052902447473576,
      1.6055279808477432,
      1.6040413065498171,
      1.6049363433826198,
      1.6071690180228706,
      1.6080469966867612,
      1.6075673325296365,
      1.6079111151701075,
      1.608276957447572,
      1.6093427860918117,
      1.6092756505476802,
      1.6093053297869706,
      1.6098102875679463,
      1.6106000045887239,
      1.6105297804101373,
      1.6112038213731699,
      1.6102880321125486,
      1.610238673740517
    ]
  }
}