{
  "validation_0": {
    "rmse": [
      1.9763290482640739,
      1.9287096130029988,
      1.888947556024812,
      1.8493333421718368,
      1.8147709491613717,
      1.7811075077000524,
      1.7515405392149228,
      1.723976752678152,
      1.699079708397175,
      1.6769657218485507,
      1.655352528549987,
      1.6357748537884385,
      1.61799259452047,
      1.6017702438386783,
      1.5867271037465929,
      1.573842748837068,
      1.5615703047541218,
      1.5495474053766016,
      1.5388795791159244,
      1.5279487741513318,
      1.518593447661868,
      1.5097768708714243,
      1.5011162432626746,
      1.4930812175015427,
      1.4857769034880006,
      1.4792998426451933,
      1.4731813561047984,
      1.4677374971403883,
      1.4621566321431436,
      1.4573215041579555,
      1.4523693882954058,
      1.4476991486385333,
      1.4435678294660743,
      1.4397124773391834,
      1.43593891716441,
      1.4316464516827425,
      1.4276648506579945,
      1.4240820091171935,
      1.420763852284111,
      1.4167018380386005,
      1.4138364570272282,
      1.410036510235555,
      1.4059902674437175,
      1.4032254096603485,
      1.400998837502292,
      1.3978792171527998,
      1.395302154793311,
      1.3915291366444418,
      1.388868862823693,
      1.3866544238430683,
      1.3839740537918153,
      1.381636579344811,
      1.378833692528194,
      1.3763701986791141,
      1.37384398058882,
      1.3719079180118354,
      1.3703999433405447,
      1.3683545074938874,
      1.3665264604787988,
      1.3643156585748963,
      1.3624811959450496,
      1.3605656010953835,
      1.3576865049219404,
      1.3552401940459593,
      1.3542710733662957,
      1.3523417570312666,
      1.3499794616172875,
      1.3486028939438692,
      1.3469884407643407
    ]
  },
  "validation_1": {
    "rmse": [
      1.9644533170730547,
      1.9274140085701241,
      1.8902698448670987,
      1.8644344417206815,
      1.8480832512497467,
      1.8299782875040895,
      1.8136412489567684,
      1.801201736253919,
      1.7879310239994075,
      1.7842795898297106,
      1.774840274011756,
      1.7662782696750932,
      1.7597493473874284,
      1.7498021666026207,
      1.7426364043631946,
      1.7376021626661111,
      1.734751485987911,
      1.7296515436084867,
      1.7281359053184941,
      1.724798857150179,
      1.7222534324903662,
      1.7192750773758723,
      1.716159745731211,
      1.7112530148682925,
      1.7117881426108488,
      1.7105749238059393,
      1.7100508693715972,
      1.7046481879986306,
      1.6996011371819209,
      1.6973406475002686,
      1.6948877764789914,
      1.6924156589687782,
      1.6943790820639577,
      1.6929799045284122,
      1.6918144703956401,
      1.6915593439585035,
      1.6908171525778495,
      1.6908514865795885,
      1.6888517653660593,
      1.6837639609108648,
      1.6821730188101491,
      1.6843789978667374,
      1.6836880267659489,
      1.6845148516771045,
      1.6839390594885044,
      1.6834123956196232,
      1.6818019105057085,
      1.6803015898726354,
      1.6779662443527061,
      1.6763231675561139,
      1.6765135389471961,
      1.6756866514825812,
      1.6757976549373952,
      1.6755821724606137,
      1.6780012688146326,
      1.6795155286717165,
      1.6787524820622868,
      1.678997130114607,
      1.678604217511031,
      1.6776026211251176,
      1.6794379586361223,
      1.6800972025148553,
      1.6814844441469703,
      1.682454055431133,
      1.6814916759617549,
      1.681266664495727,
      1.6811831683323153,
      1.6810975537815804,
      1.6810646489629686
    ]
  }
}