{
  "validation_0": {
    "logloss": [
      0.5885799677886943,
      0.5615786513112845,
      0.540842927164903,
      0.5214189026867437,
      0.5045023726416197,
      0.48976548592855185,
      0.4768548211187701,
      0.46564209824623953,
      0.4554409455268658,
      0.44650259258937014,
      0.43842770845214485,
      0.43116735628487857,
      0.42467001983657765,
      0.41880567694431825,
      0.41359201394157835,
      0.40871441731762076,
      0.4043935288787573,
      0.400326386315703,
      0.39684939822448956,
      0.39377501557707817
    ],
    "aucpr": [
      0.8013349159508707,
      0.809993987186496,
      0.811929795218382,
      0.817878092467786,
      0.8191147848182008,
      0.8207085267638012,
      0.821712856199698,
      0.8223762357976682,
      0.8233351551546847,
      0.8236036939279592,
      0.8249704619793116,
      0.8258569952159988,
      0.8272168144321848,
      0.8282321374681756,
      0.828911839221388,
      0.8295775409694834,
      0.8302082528860423,
      0.8307762653899977,
      0.831383594768101,
      0.8318033263348301
    ]
  },
  "validation_1": {
    "logloss": [
      0.5906001694605384,
      0.5642157594887584,
      0.5456897622682679,
      0.5295517416627195,
      0.5138536091421692,
      0.5031417774849795,
      0.49316181238093565,
      0.4841048070907313,
      0.47589391120162927,
      0.47037675046305144,
      0.46320380359678204,
      0.45789318768736065,
      0.4533182750915138,
      0.4475402617258645,
      0.4430639454351624,
      0.4386739119834883,
      0.4336970518889701,
      0.4297475007235864,
      0.4275440777839979,
      0.42540380493366103
    ],
    "aucpr": [
      0.7674821192040314,
      0.7832657796112166,
      0.7820382901150869,
      0.7865980269673183,
      0.7904532303520658,
      0.7806395116919225,
      0.7783933704071115,
      0.777215687133204,
      0.7740860968880053,
      0.7709684027778106,
      0.7763220518117713,
      0.7753149805817451,
      0.7764021879648212,
      0.7790726845148089,
      0.7808241288504587,
      0.7822755638718005,
      0.7843775590747537,
      0.7858094009520048,
      0.7861066450887656,
      0.7865307888215511
    ]
  }
}