{
  "validation_0": {
    "logloss": [
      0.5642080191964721,
      0.5355519514869657,
      0.5135789338256325,
      0.49376196162686997,
      0.47634655303724255,
      0.4612643009298671,
      0.44825055746014836,
      0.4366730342014536,
      0.42628502597752105,
      0.41716549923021384,
      0.4092586811539614,
      0.40200283405656473,
      0.3957319757693081,
      0.3899589293760678,
      0.3847092232096922,
      0.3799357312810992,
      0.37570221410943777,
      0.3717736564859148,
      0.3682761890711018,
      0.36498109460688116
    ],
    "aucpr": [
      0.8157368410833095,
      0.8189745253568947,
      0.8233860319222394,
      0.8257548519783291,
      0.8272062988169246,
      0.8281643033867446,
      0.8288966672847626,
      0.8302077334578701,
      0.8314578059759379,
      0.832103159723064,
      0.8332574595308797,
      0.8336049305588735,
      0.8341140685476712,
      0.8344974514367283,
      0.8348043783883592,
      0.8353944415565095,
      0.8358887563826363,
      0.8364078430523942,
      0.8368532126215752,
      0.8375738803492287
    ]
  },
  "validation_1": {
    "logloss": [
      0.5592948943526151,
      0.5297899765362701,
      0.5082348474118126,
      0.48803180482343256,
      0.4703334681240909,
      0.4551724857130802,
      0.44176355938625383,
      0.4315610759962634,
      0.4220822846374837,
      0.41280415452208863,
      0.40411515018517474,
      0.397772531163501,
      0.3918742924614484,
      0.3867619876342126,
      0.3824828261225279,
      0.3785899147937396,
      0.37469063473334274,
      0.37057565203512527,
      0.3673109957783756,
      0.36428641804669754
    ],
    "aucpr": [
      0.7968985431221575,
      0.803170309667235,
      0.8204783156584323,
      0.8317236850624812,
      0.832715505427124,
      0.8302649670400927,
      0.8258110385968701,
      0.8258161599657937,
      0.8261868288738887,
      0.8254875016460032,
      0.8285342860184963,
      0.8245627254469585,
      0.8279650010616443,
      0.8240705001201101,
      0.8247315845745778,
      0.8246433095233191,
      0.8243619006274083,
      0.8251773541052926,
      0.828332228561135,
      0.8286108757925258
    ]
  }
}