{
  "overall_rmse": 41.58556955315056,
  "overall_mae": 11.096458096856313,
  "avg_county_rmse": 11.20608616932143,
  "n_rows": 3984,
  "n_locations": 83
}