{
  "validation_0": {
    "logloss": [
      0.5870293414691619,
      0.5615560791162468,
      0.5422245585351952,
      0.523285780507598,
      0.506986067030224,
      0.49275180896866627,
      0.48063445753644396,
      0.46990153965750553,
      0.4604382413383917,
      0.4521367997937437,
      0.44469998375725656,
      0.43785462074681186,
      0.43193110196559786,
      0.42636620781387047,
      0.42131608516653674,
      0.41689562670648345,
      0.41262322774484733,
      0.40890214809248987,
      0.40554432963849363,
      0.4025583372377261,
      0.39997609634130643,
      0.397299417712752,
      0.39478393218361196,
      0.3926363804087028,
      0.3904001567470606,
      0.3885099576679154,
      0.3866988464174088,
      0.38507929002233715,
      0.3835539872956516,
      0.3821631322348155,
      0.38085049290761996,
      0.37945847753416506,
      0.3783617813633241,
      0.37710942381180884,
      0.37601673683158515,
      0.3749430467481212,
      0.37399828857679135,
      0.37272465909472546,
      0.3718607430816701,
      0.3710838754876041,
      0.370226314245279,
      0.36936340886747626,
      0.3685886990517943,
      0.36761839735016955,
      0.3668760039043543,
      0.36634136823401825,
      0.3656426717200181,
      0.3648921112428949,
      0.36421474223081457,
      0.3634385130933381,
      0.36264802810634694,
      0.3620687417577199,
      0.3616101361078387,
      0.3612763648684927,
      0.36085689524549786,
      0.3603555013320706,
      0.3597769098748013,
      0.3595000324695016,
      0.3590104731625371,
      0.3587609391219563,
      0.3584041955835923,
      0.35771112348421225
    ],
    "aucpr": [
      0.7849220182383184,
      0.7918230058636672,
      0.799448992700898,
      0.8063840310901966,
      0.8078348908696591,
      0.8093845638674063,
      0.8102078836403596,
      0.8109719840035484,
      0.8112601470803458,
      0.811459238307598,
      0.8120479399309933,
      0.8126472233825859,
      0.8132942014843674,
      0.8146245162258791,
      0.8155453216202582,
      0.8159338486372696,
      0.817161086666508,
      0.817678777342711,
      0.8184821367636312,
      0.8190475450240824,
      0.8194404697144918,
      0.8202167416003411,
      0.8208300352834689,
      0.8213861706783189,
      0.8222956479237057,
      0.8229150430790201,
      0.8235438202445844,
      0.8239592618596078,
      0.8244785057145035,
      0.8249270995588398,
      0.8253808384289055,
      0.8259104973948537,
      0.8262739284848729,
      0.8268700471421281,
      0.8273602495706791,
      0.8278312411259915,
      0.8282980982018848,
      0.8292157560020801,
      0.8294511776613602,
      0.8298382629187215,
      0.8303574848182752,
      0.8308822411956813,
      0.8312862434957048,
      0.8320828461934502,
      0.8326906491471125,
      0.8328595405251179,
      0.8333631107386009,
      0.8338291097311051,
      0.8342787943317325,
      0.8348195821537725,
      0.835437463235997,
      0.8357441795710802,
      0.8359507789003363,
      0.8360504039283848,
      0.8363632454888568,
      0.8366191631520343,
      0.8371340470977622,
      0.8372064435250846,
      0.8375956534538133,
      0.8376379851712423,
      0.8378832566072407,
      0.8383757516280124
    ]
  },
  "validation_1": {
    "logloss": [
      0.5929208537376669,
      0.5706784329919451,
      0.5505386213865505,
      0.5342575323928791,
      0.5184914958719389,
      0.5069399256760396,
      0.4966054698115731,
      0.4874871988747134,
      0.48017599351000956,
      0.47181458607031757,
      0.46530775282621745,
      0.4594388810214568,
      0.45622676206999513,
      0.4503101027724015,
      0.44554842193891486,
      0.4421331644671629,
      0.4404027787220466,
      0.4363608629551219,
      0.43435381343550833,
      0.4330842456458712,
      0.43144398700281317,
      0.43160942782756373,
      0.4299332793282128,
      0.4305620016661065,
      0.43058594009917545,
      0.4291500653921959,
      0.4275211594890369,
      0.42687587318268705,
      0.4262569998559284,
      0.42450232702460755,
      0.424331428772998,
      0.42363322780273077,
      0.4231502960247163,
      0.42216997842742016,
      0.4215478387775356,
      0.42107196052345525,
      0.42037419530742587,
      0.421284276863979,
      0.4204061715054816,
      0.41993674287997024,
      0.42058648010874805,
      0.4197444575862121,
      0.42053831044872514,
      0.4194535642523827,
      0.41837359076070346,
      0.4184382089612871,
      0.41789466406622655,
      0.4173627725015039,
      0.41847166371574795,
      0.4184914443269746,
      0.4189172192583287,
      0.41869247965720374,
      0.4186312987237241,
      0.4184422661320318,
      0.41829969952641294,
      0.4182223036911443,
      0.4178233218564461,
      0.4176166683863699,
      0.41700122009936613,
      0.4168441367338423,
      0.4165496137528493,
      0.41843886245331957
    ],
    "aucpr": [
      0.7716620303632244,
      0.7671623547123007,
      0.7730728226691441,
      0.7792779856319908,
      0.7837718144691268,
      0.7862299555225469,
      0.7864817938723798,
      0.790693964694519,
      0.7881820944327608,
      0.7940606953354632,
      0.7950862486451575,
      0.7966324752704637,
      0.7983710153002749,
      0.7986912151322709,
      0.7992217357592042,
      0.7987970348512159,
      0.7970116195399329,
      0.7986955294164528,
      0.7996437905049962,
      0.7992507842285554,
      0.7994981273416868,
      0.800806416182218,
      0.8015299577888402,
      0.7999027652019239,
      0.8007022506494951,
      0.8008114738323721,
      0.8011089940736722,
      0.8015120063223783,
      0.8026320820552859,
      0.8039826692302441,
      0.8045558204401307,
      0.8045149239526078,
      0.8040066835174731,
      0.8051015297975874,
      0.8054899504234027,
      0.8048778957160309,
      0.8050041160195281,
      0.8043083929756222,
      0.804294738841928,
      0.8042707530744704,
      0.8042527997827517,
      0.8038219875106573,
      0.8049277085897815,
      0.8050969723274083,
      0.8053047832703059,
      0.8053346740061653,
      0.8056009092793867,
      0.8051811532586279,
      0.8043640083068739,
      0.8044156399819732,
      0.8042756872646685,
      0.8042580992414663,
      0.8037806140765961,
      0.8037524337804545,
      0.8039346837686813,
      0.8040612145520083,
      0.804742863109324,
      0.804785216618174,
      0.804850549985345,
      0.8048277677779334,
      0.8049821946023807,
      0.8046573400592083
    ]
  }
}