{
  "validation_0": {
    "logloss": [
      0.588603868079158,
      0.5615788438907497,
      0.5404806876956093,
      0.5208657415962029,
      0.5039642034561362,
      0.48913386225901684,
      0.47607682489816605,
      0.46488008424743893,
      0.45479817237457604,
      0.4457771113257651,
      0.437504651767077,
      0.4301957979678963,
      0.4237270428833757,
      0.41782761344124647,
      0.41248000396383333,
      0.40774424158504774,
      0.4034316337648905,
      0.39947332861429596,
      0.395977927815263,
      0.3928709615677523
    ],
    "aucpr": [
      0.8011199188241702,
      0.8094914786398372,
      0.8120776433149094,
      0.8208100800925486,
      0.8221403219262019,
      0.8233232247597791,
      0.8243563935821776,
      0.8250695030255494,
      0.8251872905301335,
      0.8256619713728564,
      0.8268689997551288,
      0.8275139792094941,
      0.828572464823446,
      0.8296578711585407,
      0.8304270435084996,
      0.8309217949821852,
      0.8316579089172637,
      0.8323720187324554,
      0.8328746471429597,
      0.8332311223569433
    ]
  },
  "validation_1": {
    "logloss": [
      0.6011215626864309,
      0.576186750532992,
      0.5574987967420055,
      0.5411214834625223,
      0.5254762211896808,
      0.5149228876853085,
      0.5036978811908319,
      0.4949056872177914,
      0.4873975597202299,
      0.48050123242938136,
      0.4737487800090188,
      0.46923631550108336,
      0.4647083293541847,
      0.4594635822881297,
      0.4547262506402401,
      0.4510362104374362,
      0.4487367617302989,
      0.4458302498821274,
      0.4433206152021286,
      0.44050475537597417
    ],
    "aucpr": [
      0.7488574580519591,
      0.7719510856189331,
      0.7718856919898448,
      0.7815014443956645,
      0.7841146867298372,
      0.778307613462246,
      0.7779361290395083,
      0.7763707343399429,
      0.7720143057285829,
      0.773686166053112,
      0.7759317348163199,
      0.7751287601702612,
      0.7741837689241223,
      0.773805976001491,
      0.7746562895678197,
      0.7774793620113017,
      0.776877779571228,
      0.7769627629950833,
      0.7788611669719502,
      0.7805362600402455
    ]
  }
}