{
  "validation_0": {
    "rmse": [
      1.91010994915035,
      1.8689866378612514,
      1.829427375352367,
      1.7949633339837296,
      1.764387755727267,
      1.7362731921605083,
      1.71053291171196,
      1.687323586155808,
      1.662938816255901,
      1.6410570650822993,
      1.621573747167185,
      1.604176805689322,
      1.588574328746392,
      1.5743524893824798,
      1.5616447675745655,
      1.5494584089961476,
      1.539396212796182,
      1.5292070518036638,
      1.519721974468149,
      1.511800312892022,
      1.5039914716923724,
      1.497552150379377,
      1.4910133327055541,
      1.484683981080826,
      1.478754957791259,
      1.4729736631497319,
      1.467712659528106,
      1.4635529159253053,
      1.459080901487864,
      1.4549289366392244,
      1.4513241585562435,
      1.4481629513110923,
      1.4448530113627758,
      1.4415334861180524,
      1.4386690089414178,
      1.4363250535471686,
      1.433597604199618,
      1.4314735378704468,
      1.429150371167793,
      1.4271713372851498,
      1.4250953812789051,
      1.4229633971578453,
      1.4208726538290455,
      1.4190421817464511,
      1.417307669328254,
      1.415348114494646,
      1.4139392886347042,
      1.4123560701995164,
      1.41048853321964,
      1.4089542059060711,
      1.4077518872270565,
      1.4066500071581014,
      1.4053735541118617,
      1.404004138553868,
      1.4026846182414359,
      1.4015228399662196,
      1.40040698968131,
      1.3987717177873613,
      1.3977530858471934,
      1.3967003483694531,
      1.3954789514365786,
      1.394345995138299,
      1.3930948593416626,
      1.3922123278293719,
      1.3912076159163727,
      1.3903352388851022,
      1.3887577672619582,
      1.3875134473183637,
      1.3867891893907522,
      1.386119910253163,
      1.3851355177521938,
      1.3838196845493924,
      1.3827459206430763,
      1.3818801333093198,
      1.380860927341932,
      1.3803155736025594,
      1.3795487199900307,
      1.3781003859565937,
      1.37755009603907,
      1.3768612034734855,
      1.3763337166584606,
      1.3746345241141735,
      1.3740446943020077,
      1.3734997311702308,
      1.3730878093167433,
      1.3722711881955907,
      1.371353997283636,
      1.3704828891336631,
      1.3698953585653033,
      1.3693199914648087,
      1.3687779648038259,
      1.3679435351636076
    ]
  },
  "validation_1": {
    "rmse": [
      1.9029989980038573,
      1.8737511742453268,
      1.8378419871741871,
      1.8132498902895573,
      1.7912592017871878,
      1.766220824931361,
      1.7487775817535165,
      1.7362801374333696,
      1.7153271413640034,
      1.700657045186533,
      1.6853939964268547,
      1.6730451312328511,
      1.6627000122862678,
      1.6542580553438095,
      1.6463629477250437,
      1.6441296240167769,
      1.6362044266788895,
      1.6292922980781945,
      1.6227231311318533,
      1.626495992217116,
      1.6223831548003307,
      1.6183687314552024,
      1.614673736364522,
      1.6165872495009872,
      1.614436576987666,
      1.612801970797263,
      1.6087555197293042,
      1.6074611324559354,
      1.6058899671105875,
      1.6058964180303765,
      1.6065929797983451,
      1.6057846674553462,
      1.608939835871712,
      1.6090375969392436,
      1.6063668352330442,
      1.6055436590327044,
      1.6053929125441926,
      1.605248894951657,
      1.6040234373464808,
      1.6042695399467553,
      1.6039930192743272,
      1.6045295851153203,
      1.6035892423431783,
      1.6056321194647967,
      1.6052044565196182,
      1.606354296368557,
      1.6060508116724772,
      1.605665881527812,
      1.6055432085048653,
      1.6043889854999758,
      1.6037499291244344,
      1.6032062574710597,
      1.6018837635798844,
      1.602967996395593,
      1.6018663766301173,
      1.6007317317217657,
      1.5998802334237736,
      1.6001970672984092,
      1.5996137942895825,
      1.5993487165049631,
      1.5983382245738527,
      1.5982055418293502,
      1.59727201669758,
      1.596830871266098,
      1.5975562662182439,
      1.5971166602896252,
      1.5966817766344388,
      1.5968324243231589,
      1.5966349199437637,
      1.5955862396836271,
      1.595592972035497,
      1.5958572226263472,
      1.5960993321318686,
      1.5962961946831973,
      1.596187517548271,
      1.5961648656252552,
      1.5953721520598496,
      1.5959795842981563,
      1.5961800624458844,
      1.596910186198917,
      1.597231268057226,
      1.5964480073872165,
      1.5966224329409369,
      1.5971623452807295,
      1.596897881269787,
      1.596384553245455,
      1.5968703603442578,
      1.5968650230276846,
      1.5968328377558418,
      1.5975547302358846,
      1.5974038587172137,
      1.597084631052909
    ]
  }
}