{
  "validation_0": {
    "logloss": [
      0.571185307357896,
      0.5458920559587799,
      0.5250857672425384,
      0.5071757539029117,
      0.4920600454817124,
      0.47893313497813317,
      0.46783454051479495,
      0.45774961502405154,
      0.4485018683056294,
      0.44037541051485085,
      0.43343742187400774,
      0.42725442540054764,
      0.42171013125962514,
      0.41682536076550114,
      0.4123595801385847,
      0.40843160984565113,
      0.40492492376985234,
      0.4015458835576036,
      0.3986239385388259,
      0.39602881767648307,
      0.39342775423261545,
      0.3912252728712164,
      0.3891846359174885,
      0.3873036270284624,
      0.385514299520232,
      0.38399977655007644,
      0.3825676891758769,
      0.38121462935662065,
      0.3799387502999108,
      0.3787020075557535,
      0.3776687499245739,
      0.3765991574244894,
      0.3756148517440659,
      0.37463300468234484,
      0.37377662649528554,
      0.3729982316203853,
      0.3722155687544023,
      0.37140294627174025,
      0.3706847133563797,
      0.3699570000539405,
      0.3693130003672259,
      0.3686765390185833,
      0.36801446761785256,
      0.3673967899364915,
      0.36691427923349396,
      0.3664325057993428,
      0.3659234280396968,
      0.3653898547578942,
      0.36494151424006693,
      0.3645076589413843,
      0.36422974510749623,
      0.3639104863917997,
      0.3636114062215075,
      0.3632455410717157,
      0.362967906924383,
      0.3626369676986348,
      0.36233118168260675,
      0.362075985042151,
      0.3618225206508059,
      0.36155442729531806,
      0.36127271079440404,
      0.3609402887174156,
      0.3607079028344646,
      0.36050617932923923,
      0.36008635868717737,
      0.3597749095030203,
      0.3595589697053474,
      0.3591411517894005,
      0.35897203070669276,
      0.3587968822243335,
      0.3586036896405035,
      0.3582801376466851,
      0.35816741460719154,
      0.35790680668167074,
      0.35764452594680923,
      0.3574844024425203,
      0.35724449329746844,
      0.3570165771468481,
      0.3567377675372088
    ],
    "aucpr": [
      0.7790896850341313,
      0.7835861877308852,
      0.7900777829924948,
      0.7919753928677257,
      0.7929613920641486,
      0.7933915585009754,
      0.7938639288762258,
      0.7945413867821263,
      0.7964535223995067,
      0.7978603359916119,
      0.7989098095135159,
      0.7994293998858024,
      0.7998058210144516,
      0.8002824734591312,
      0.8007604995638721,
      0.8013241052376958,
      0.8016012238119499,
      0.8021991606428275,
      0.8026233910338134,
      0.8031825175453214,
      0.8039351335917433,
      0.80429394829619,
      0.8046303999647216,
      0.8049357560106201,
      0.805448799412019,
      0.8057482088419726,
      0.8061491650240163,
      0.8067122108811401,
      0.807068166238667,
      0.8077312751509801,
      0.8080708505145044,
      0.8085177082616256,
      0.8089911537269974,
      0.8093259767851314,
      0.8097099580737255,
      0.8100915338175745,
      0.8105393628042651,
      0.8109971562433765,
      0.8113547684379878,
      0.8117468335818,
      0.8121572332219703,
      0.8125644432340895,
      0.8129370904421956,
      0.8134102606095991,
      0.8136704533282642,
      0.8138898388034008,
      0.8142157242999968,
      0.8146753119530522,
      0.8150032083990448,
      0.8153151698628749,
      0.8155465555893202,
      0.8158677206216461,
      0.816142716932015,
      0.816515102400755,
      0.8167172761719086,
      0.8170323806315157,
      0.8172627182068839,
      0.81742475696531,
      0.8176677813638915,
      0.8178382281730864,
      0.8180483417145578,
      0.8183660379041002,
      0.8185579676589554,
      0.8186308853648229,
      0.8190048505835191,
      0.8193429258579649,
      0.8194868201247852,
      0.8198456513104022,
      0.8199178734840419,
      0.8200272201438054,
      0.8201622628375564,
      0.8205129274192627,
      0.8205327381576727,
      0.8208123581855843,
      0.8210572969627973,
      0.8211546050469212,
      0.821335887441233,
      0.8215342413951925,
      0.8217239462887193
    ]
  },
  "validation_1": {
    "logloss": [
      0.5913761610831003,
      0.5656946460346142,
      0.5461634991309011,
      0.528198117225704,
      0.5132955566991165,
      0.500844107211444,
      0.4917489846113576,
      0.4817266103411355,
      0.4724726504889358,
      0.46418541939143676,
      0.4599391065620215,
      0.45463224938401137,
      0.44938252946309537,
      0.44557259920012043,
      0.4407205608333031,
      0.43854305200114185,
      0.43565110566027193,
      0.43272994099985285,
      0.43020217866640553,
      0.42779538784939125,
      0.4256871332335903,
      0.42414957935731096,
      0.4227025406977468,
      0.42133898347107523,
      0.42038283632211687,
      0.41996307310883896,
      0.4197805302140928,
      0.41991575004301035,
      0.4187639038944355,
      0.4179420110949102,
      0.4176114720094156,
      0.4169670481685489,
      0.4165000187347168,
      0.4158820681129938,
      0.41549809091073653,
      0.4152465500133897,
      0.4151767276332201,
      0.4150230364881486,
      0.41464962935576355,
      0.4141490036494521,
      0.41427302367828156,
      0.41371497516726036,
      0.41341979935602563,
      0.4134063207180647,
      0.41389014105729566,
      0.4135194836127344,
      0.4131288931309526,
      0.41267539280416243,
      0.41236201476634865,
      0.4120373697390398,
      0.411965619257453,
      0.4118922323644924,
      0.4117101595190496,
      0.41323160935552367,
      0.41312032391669706,
      0.41324377927464434,
      0.4125763394193814,
      0.41239107356511473,
      0.41216525673888715,
      0.41205684824198685,
      0.411652536974167,
      0.4115660298423071,
      0.41146996560745897,
      0.41129465695121326,
      0.41082188382092116,
      0.4108189961248373,
      0.41264071319033446,
      0.4124712598710891,
      0.41240058418005204,
      0.4122136666915888,
      0.41214501750143523,
      0.4113109686944202,
      0.41114732639837903,
      0.4108368927561706,
      0.41088307811843555,
      0.4106144256313354,
      0.41256684708515606,
      0.41250084622061334,
      0.41230518689688134
    ],