{
  "validation_0": {
    "rmse": [
      1.8976597666695125,
      1.8603649367990351,
      1.825204081053102,
      1.794492700886756,
      1.7667224256130374,
      1.7415676149413326,
      1.718794039862795,
      1.698305455159744,
      1.678148309394501,
      1.6601663811491103,
      1.643591126253002,
      1.6286649086188685,
      1.6152779220334388,
      1.6033788411267347,
      1.592197092118551,
      1.581807450583784,
      1.5725904709012049,
      1.5638411188263799,
      1.5556286543985363,
      1.5483843433880742,
      1.5416832420986253,
      1.5356617881196544,
      1.5298306857129698,
      1.5246374500531077,
      1.519922502986433,
      1.515557140985727,
      1.5111982523395469,
      1.5072525913952657,
      1.5038164097526279,
      1.4994356161168465,
      1.4965486829917372,
      1.493223388310793,
      1.4904417679823372,
      1.487480126190669,
      1.4844571519903185,
      1.4821880409481338,
      1.4800247857074962,
      1.4778740572239788,
      1.4758820099607775,
      1.4741018062289883,
      1.4717609592660186,
      1.4698150486499,
      1.4678872576160396,
      1.4661584169344093,
      1.4644760392386218
    ]
  },
  "validation_1": {
    "rmse": [
      1.8896778348131817,
      1.8629785134127133,
      1.8341426524455018,
      1.816449152104861,
      1.788687552596671,
      1.768537055691463,
      1.7500183355337897,
      1.7345184831208724,
      1.7023639175320666,
      1.6831959375735097,
      1.667508289424016,
      1.6593285392262747,
      1.644734315816719,
      1.6311629618044412,
      1.6157685257920344,
      1.606071273040171,
      1.5990387540481295,
      1.5941671212951667,
      1.5902025726860396,
      1.593567822640008,
      1.5933557620464334,
      1.592246074013145,
      1.5882199038127098,
      1.585628932584241,
      1.5826415754727674,
      1.5833132100044554,
      1.581037347430563,
      1.5801128252360914,
      1.5782593632693684,
      1.5727971141096977,
      1.5819247306439463,
      1.5857136513830687,
      1.5861293398010885,
      1.5850424547787951,
      1.589348793703021,
      1.5940737864770735,
      1.595871731871735,
      1.5994857665819162,
      1.600791394206589,
      1.599910258305724,
      1.6031614248645862,
      1.6022618498826293,
      1.603120142444319,
      1.6035045788917908,
      1.607121531901629
    ]
  }
}