feature,signal
num__out_nonzero_rate_6,8118.1279296875
num__out_curr,4947.287109375
num__out_roll_mean_6,1207.65283203125
num__tracked_roll_mean_6,995.8287353515625
num__tracked_roll_max_6,966.6050415039062
num__out_lag_24,850.5167236328125
num__tracked_curr,674.0040893554688
num__tracked_roll_sum_6,611.1337890625
num__tracked_lag_48,525.482421875
num__out_lag_48,491.01678466796875
num__tracked_lag_24,455.507568359375
cat__location_26061,277.9039611816406
cat__location_26087,248.71914672851562
num__gh_4_lag_24,223.2898712158203
cat__location_26121,222.81683349609375
num__gh_4_roll_mean_6,200.3178253173828
num__horizon_step,195.308349609375
cat__location_26027,193.642578125
cat__location_26145,192.43038940429688
cat__location_26147,184.68983459472656
