{
  "validation_0": {
    "logloss": [
      0.5790748188132759,
      0.5596293578163747,
      0.5437933774735647,
      0.5299373197514178,
      0.517028302053438,
      0.5057201067864651,
      0.49560784156023224,
      0.48725507329752116,
      0.47935879611317456,
      0.4743157038840033,
      0.4682476838373977,
      0.46263616745986413,
      0.4575468959390982,
      0.45314972677955045,
      0.4490693328121365,
      0.44531279578544536,
      0.4419330858363775,
      0.4390662644198743,
      0.4359110020561485,
      0.43334101556078264,
      0.4313454356538954,
      0.4288723134610189,
      0.42674866969388675,
      0.42509789787635194,
      0.42357269823984683,
      0.4208352837497582,
      0.41933799805406474,
      0.4175309109271264,
      0.4157376807709407,
      0.41353964779645075,
      0.41233586633023434,
      0.41137520925726684,
      0.4101340351635541,
      0.40857865234124763,
      0.40761402924216106,
      0.40636877583597003,
      0.40538842919147966,
      0.4047662373976088,
      0.4039955337038498,
      0.40314393067598014
    ],
    "aucpr": [
      0.7082095098042767,
      0.7224349271167623,
      0.7261082159114288,
      0.7271147537110106,
      0.7303667818038679,
      0.7336467830881079,
      0.7368339973540448,
      0.7447479026479069,
      0.7457773529032011,
      0.747368059146524,
      0.7508992317399429,
      0.7512720490889642,
      0.75172049500517,
      0.7533630316206259,
      0.7540103606377598,
      0.7548521223196554,
      0.7554570023825512,
      0.7563080937312755,
      0.7577561272194819,
      0.7591412554520346,
      0.7597882924367698,
      0.7606943994750347,
      0.761541408958658,
      0.7620502197987772,
      0.7624982964031227,
      0.7649045145191167,
      0.7657200891096212,
      0.7667395375040605,
      0.7678999049757138,
      0.769666062460694,
      0.7703876122529898,
      0.770743169482817,
      0.7718211735603748,
      0.773185307401065,
      0.7737727392447985,
      0.7747973621274312,
      0.7752649446207879,
      0.7756219243208393,
      0.7761299465397553,
      0.7767739138856703
    ]
  },
  "validation_1": {
    "logloss": [
      0.6154385025437218,
      0.5921588430413042,
      0.5719577450245379,
      0.556184792360029,
      0.5406347481032692,
      0.5270501293025043,
      0.5151474884744868,
      0.5050678120320102,
      0.49641700044468823,
      0.4905074003702366,
      0.48521807131518324,
      0.4790690270847226,
      0.47260382498453657,
      0.4684115441845184,
      0.46355432028093013,
      0.46079713095308666,
      0.4567705732190525,
      0.45277190580777077,
      0.45007443606075515,
      0.447643151662002,
      0.4458172550166856,
      0.44337801562143436,
      0.44129465724038613,
      0.4402579584899527,
      0.4392387321663938,
      0.43748293979744235,
      0.43625748015371674,
      0.4346676146720039,
      0.43389809666665263,
      0.43365624285935156,
      0.4333519405296379,
      0.43226604610045694,
      0.43201533618876825,
      0.43217122108193046,
      0.4311747444778621,
      0.4313133606447812,
      0.43050280689583514,
      0.42978740848290425,
      0.4298914398625867,
      0.4290651135683344
    ],
    "aucpr": [
      0.7848760378565152,
      0.7853033124468914,
      0.7887394645735676,
      0.7832113202092325,
      0.7897592427079018,
      0.7929273722443306,
      0.7971322312999801,
      0.7876911068044202,
      0.7876135394365997,
      0.7940078489238661,
      0.7934240709202436,
      0.7933987558148571,
      0.7928375791547724,
      0.7915088610667484,
      0.7933742890345125,
      0.7940645916348651,
      0.7960586392617677,
      0.7967528554635629,
      0.8038785392761809,
      0.8033485821198513,
      0.8033709985135452,
      0.8024218557596753,
      0.805570306157784,
      0.8052754677461298,
      0.8073605380081093,
      0.8050232845604088,
      0.8051622225113646,
      0.8057128884142328,
      0.8045416252800586,
      0.8037938002944283,
      0.804334744006845,
      0.8052244445030076,
      0.8053579814604659,
      0.8052309392385122,
      0.8060202131784853,
      0.805415347552404,
      0.8053770547677327,
      0.8063584493272237,
      0.8061576132490043,
      0.8067828516473834
    ]
  }
}