{
  "validation_0": {
    "rmse": [
      1.7707953765869153,
      1.7380232530863633,
      1.707030541612836,
      1.6785824346683105,
      1.6528412789519489,
      1.6255966886524944,
      1.600679772149289,
      1.5808887110615932,
      1.5624344182457297,
      1.549588249286331,
      1.5324351619229073,
      1.5187845747232642,
      1.504673303434323,
      1.491409929907988,
      1.4809383747416631,
      1.4710881761593682,
      1.4625358435066376,
      1.455087240173728,
      1.44564126102817,
      1.438107080845187,
      1.4325908593707084,
      1.42384856638515,
      1.4186815465870468,
      1.4143011858658707,
      1.4104340359093404,
      1.4029209394466364,
      1.3972040942635107,
      1.391012156575118,
      1.3845562096199473,
      1.379064732038035,
      1.3759809813030437,
      1.3733278196353977,
      1.3685554274742615,
      1.3644744968099582,
      1.3608671215282933,
      1.3567630183053845,
      1.3539538322729319,
      1.3511051240545733,
      1.3476848304837294,
      1.344994879686536,
      1.3426827981262661,
      1.340337167870788,
      1.338519866525191,
      1.3367746908043443,
      1.3345797449878463,
      1.333314398222188,
      1.3311807025750704,
      1.3265438062012664,
      1.3249227270736206,
      1.322546200211202,
      1.320578570317918,
      1.3188207069416624,
      1.3163234556874357,
      1.314346678785086,
      1.3122003698142515,
      1.3112343235268293,
      1.3099181796149084,
      1.3075874577261755,
      1.3047468713590813,
      1.3026694248013302,
      1.2993896807327368,
      1.29738147746789,
      1.2963918133161574,
      1.2943524063896035,
      1.2932334976820472,
      1.2901758126901943,
      1.288376386636411,
      1.287324159837235,
      1.2865184470165878,
      1.2846039294480118,
      1.283107491037856,
      1.2824582460922498,
      1.2807816015145352,
      1.280212130212125,
      1.2790155385376953,
      1.2774872002685533,
      1.2763679133036312
    ]
  },
  "validation_1": {
    "rmse": [
      1.9860652776275316,
      1.9496965317023212,
      1.9202218072875032,
      1.893794666443169,
      1.867557557362807,
      1.8431362057299188,
      1.8277554373636062,
      1.818633729377291,
      1.7991981385103728,
      1.78964625412319,
      1.7769691409897101,
      1.7668346465371532,
      1.7517527894743246,
      1.748596130597201,
      1.7419098521169962,
      1.736969288275698,
      1.7245773756064258,
      1.7216154091988045,
      1.718411711220013,
      1.714335319455149,
      1.7081736531185507,
      1.703939391132974,
      1.7000491742417132,
      1.6943317054619935,
      1.687495637862503,
      1.684266427798346,
      1.6838648253818391,
      1.6824862845393633,
      1.6820419045522494,
      1.6800291193420884,
      1.679813486328767,
      1.6757994459132506,
      1.6752972439141023,
      1.6740684820509122,
      1.6741004139059599,
      1.6727576571995477,
      1.67062404793359,
      1.6681814989544843,
      1.6700030213098853,
      1.6641140550855502,
      1.664224988754486,
      1.6633332193640022,
      1.6624241088477636,
      1.6594860197863068,
      1.6560905268462707,
      1.6548395633418014,
      1.6570820308381604,
      1.655085609892185,
      1.6548205621974401,
      1.6584031435489326,
      1.657459533007178,
      1.656014294486753,
      1.6529721100494885,
      1.6521327471239369,
      1.6522342375725354,
      1.6493426063722436,
      1.6490058425607519,
      1.6493880956825469,
      1.6506283961825317,
      1.6491171198454229,
      1.64701143662945,
      1.645528466883471,
      1.6473999822018783,
      1.6467318518158927,
      1.6461568129540596,
      1.6487042764155249,
      1.6488137169694634,
      1.6485366468523257,
      1.6483750617592259,
      1.6502229365758012,
      1.6527836869648913,
      1.652620562323983,
      1.656919794364375,
      1.6565677477880776,
      1.656485162573694,
      1.6557222805667853,
      1.655534637800693
    ]
  }
}