{
  "validation_0": {
    "rmse": [
      1.7882317925391524,
      1.7518537336930902,
      1.7177731133939693,
      1.68683414366384,
      1.658577418307378,
      1.6324368884731029,
      1.6093430251942693,
      1.5875437899852796,
      1.5669540343729123,
      1.5520196481319983,
      1.5371075490635364,
      1.5213277949583626,
      1.5054065997643784,
      1.491209987822597,
      1.4797555296788458,
      1.4686599285440871,
      1.4589629673419373,
      1.4504510624305063,
      1.4420315114988613,
      1.434146327879958,
      1.4281811478132864,
      1.4185749765652647,
      1.412365196329989,
      1.4071218696588734,
      1.4024029218815917,
      1.39502480796218,
      1.3905094453129703,
      1.384273382409727,
      1.3793953274857118,
      1.3754967125731816,
      1.3721452945924584,
      1.3689791089796484,
      1.3633303023089924,
      1.3592804893743748,
      1.3560762991892235,
      1.3515348847477873,
      1.348471224456743,
      1.3457979083223985,
      1.3413189103547858,
      1.3389279778197334,
      1.335368244027186,
      1.3333313139714011,
      1.3293962574612026,
      1.3273770308280244,
      1.325039070934868,
      1.3232468161207538,
      1.3214401665462892,
      1.3184402290209951,
      1.3170404412380863,
      1.3151600453700123,
      1.3133291031671244,
      1.3116853368826311,
      1.3092433363353082,
      1.3069289096758918,
      1.3052854292266618,
      1.303229908654092,
      1.3011897916736408,
      1.2978679926596468,
      1.2951356059973942,
      1.2930767420625462,
      1.2899906891738762,
      1.2885599188210033,
      1.2876114475231133,
      1.2854529285275023,
      1.2830488394684403,
      1.2812037843008748,
      1.2796290062699616,
      1.277881290217256,
      1.2764370349414542,
      1.27455386753021,
      1.2738076060007626,
      1.2725229929336443,
      1.2713961384129109,
      1.268438621114312
    ]
  },
  "validation_1": {
    "rmse": [
      2.264041554109068,
      2.2257367169123414,
      2.194536667487291,
      2.1623060238108645,
      2.1400893048187695,
      2.113146104007713,
      2.0899988759645143,
      2.0681343391183855,
      2.052157018865929,
      2.038975417828659,
      2.023630487688715,
      2.0092576062419196,
      1.9953033821032828,
      1.9868858646885499,
      1.9691049543873569,
      1.9586252414548149,
      1.9414120385469462,
      1.9397307342401657,
      1.9362180225235206,
      1.9289204039468686,
      1.9212421275318368,
      1.91299643269543,
      1.9081407771648937,
      1.9021541815423522,
      1.8898959068285595,
      1.887609409812663,
      1.8811026417185306,
      1.8712347158267113,
      1.8678911273694,
      1.8622521878872138,
      1.858971664184054,
      1.855009996494638,
      1.8533092396636084,
      1.8508458232543081,
      1.8483983909967354,
      1.846555775115848,
      1.8426484835935766,
      1.8408822522560275,
      1.8388687789210212,
      1.8380724169581368,
      1.8386505777153928,
      1.8368292281706484,
      1.8368533911009153,
      1.8323512363083687,
      1.82956073003494,
      1.825944702277371,
      1.8169575817805679,
      1.8158205576435185,
      1.816260731935807,
      1.8122844630389967,
      1.8136795147968203,
      1.8114280695939275,
      1.809080703301107,
      1.808622842993209,
      1.8081992179551003,
      1.8072612430997683,
      1.8075112358646093,
      1.8057488036977036,
      1.8023487109356766,
      1.8051879433699511,
      1.8087473913290566,
      1.8082748832117437,
      1.8066336089829746,
      1.8030759523980573,
      1.8047747815912214,
      1.8044036462990636,
      1.8055430157290564,
      1.8045206337014554,
      1.804652383321755,
      1.8045595596126185,
      1.8062045873622683,
      1.8062100255964646,
      1.8058026797960132,
      1.8057072414359756
    ]
  }
}