{
  "validation_0": {
    "logloss": [
      0.5787706081727407,
      0.5572126227093753,
      0.5397923213770736,
      0.5247130464362866,
      0.5108237586590091,
      0.4986651673179601,
      0.4880613778498388,
      0.47914927868796525,
      0.47055987747556904,
      0.4648074529423295,
      0.45876582105571734,
      0.45261491974229756,
      0.44707095065385405,
      0.4425977712277219,
      0.43808684202153897,
      0.43387410605124943,
      0.4300938595120154,
      0.4272725517148092,
      0.42374108234484936,
      0.42130379715714344,
      0.4190947875451581,
      0.4163583930689029,
      0.41415589286922694,
      0.4123232134512904,
      0.41062050663365535,
      0.4081596169921843,
      0.4064054556870213,
      0.40420033547061357,
      0.4022120656387649,
      0.40085720440995887
    ],
    "aucpr": [
      0.7245566183932975,
      0.7431760483881676,
      0.7481263182081009,
      0.7482096586147818,
      0.7514325908554897,
      0.7547497690804835,
      0.7567525178223966,
      0.7600384969732676,
      0.7621331349045076,
      0.7662417319825401,
      0.7694975243131031,
      0.7700691966979558,
      0.770853059451064,
      0.7728137820514095,
      0.7734412649680734,
      0.7742226028989441,
      0.7752076275047226,
      0.7757110671048798,
      0.7774686420801131,
      0.7776735269718864,
      0.7780211006952069,
      0.7788705379975892,
      0.7796446785149996,
      0.7802910615168123,
      0.7808275561842256,
      0.7826525121421305,
      0.7835509418997464,
      0.7851142214150503,
      0.7862260212651235,
      0.7868306904991536
    ]
  },
  "validation_1": {
    "logloss": [
      0.6378809906183237,
      0.6116497652029177,
      0.5896302062314916,
      0.5703731515859983,
      0.5539020457750105,
      0.5402264330969996,
      0.5277200425081104,
      0.5166964896367376,
      0.5061921328381003,
      0.49953970315316354,
      0.49205728178941105,
      0.4841603878436677,
      0.47697375335517417,
      0.4730751131246068,
      0.4675449360775421,
      0.4637476579028081,
      0.4601620650779172,
      0.4580060733878708,
      0.4540488411145038,
      0.4525503329446457,
      0.45129242735769015,
      0.44870705187814425,
      0.4468591724182049,
      0.4459161491780336,
      0.4440515944809021,
      0.4425237410305345,
      0.4409604703532494,
      0.4398433891532711,
      0.43885802889960895,
      0.4392895254916156
    ],
    "aucpr": [
      0.8393799578787019,
      0.8324277819804846,
      0.8393600268218695,
      0.8364943593284682,
      0.8399245762816565,
      0.840227686410644,
      0.8429735212495417,
      0.8472987138945373,
      0.8505793916911125,
      0.8461716833419244,
      0.8482699199342141,
      0.8505737176814044,
      0.8508205772065277,
      0.8512047172436823,
      0.851618317262261,
      0.8505918030321091,
      0.8514172954739516,
      0.849282888720656,
      0.8510949715097248,
      0.8498650762578928,
      0.8489946944026786,
      0.8489138303527303,
      0.8479971974886852,
      0.8477162112128254,
      0.8475247106791175,
      0.8473169364019155,
      0.8467001192412078,
      0.8469250385369219,
      0.8466765215022442,
      0.8454295048557225
    ]
  }
}